-- phpMyAdmin SQL Dump
-- version 5.2.1
-- https://www.phpmyadmin.net/
--
-- Servidor: 127.0.0.1
-- Tiempo de generación: 31-03-2025 a las 07:48:01
-- Versión del servidor: 10.4.32-MariaDB
-- Versión de PHP: 8.0.30

SET SQL_MODE = "NO_AUTO_VALUE_ON_ZERO";
START TRANSACTION;
SET time_zone = "+00:00";


/*!40101 SET @OLD_CHARACTER_SET_CLIENT=@@CHARACTER_SET_CLIENT */;
/*!40101 SET @OLD_CHARACTER_SET_RESULTS=@@CHARACTER_SET_RESULTS */;
/*!40101 SET @OLD_COLLATION_CONNECTION=@@COLLATION_CONNECTION */;
/*!40101 SET NAMES utf8mb4 */;

--
-- Base de datos: `saes`
--

DELIMITER $$
--
-- Procedimientos
--
CREATE DEFINER=`root`@`localhost` PROCEDURE `asignar_materias_a_grupos` ()   BEGIN
    -- Primer semestre
    INSERT INTO grupo_materia (grupo_id, materia_id, aula, horario)
    SELECT grupo_id, 101, 'Aula 101', 'Lunes 07:00-09:00' FROM grupos WHERE semestre_id = 1;
    
    INSERT INTO grupo_materia (grupo_id, materia_id, aula, horario)
    SELECT grupo_id, 102, 'Aula 102', 'Martes 07:00-09:00' FROM grupos WHERE semestre_id = 1;
    
    INSERT INTO grupo_materia (grupo_id, materia_id, aula, horario)
    SELECT grupo_id, 103, 'Lab Comp 1', 'Miércoles 07:00-09:00' FROM grupos WHERE semestre_id = 1;
    
    -- Segundo semestre
    INSERT INTO grupo_materia (grupo_id, materia_id, aula, horario)
    SELECT grupo_id, 201, 'Aula 201', 'Lunes 07:00-09:00' FROM grupos WHERE semestre_id = 2;
    
    INSERT INTO grupo_materia (grupo_id, materia_id, aula, horario)
    SELECT grupo_id, 202, 'Aula 202', 'Martes 07:00-09:00' FROM grupos WHERE semestre_id = 2;
    
    -- Sexto semestre
    INSERT INTO grupo_materia (grupo_id, materia_id, aula, horario)
    SELECT grupo_id, 601, 'Aula 601', 'Lunes 07:00-09:00' FROM grupos WHERE semestre_id = 6;
    
    INSERT INTO grupo_materia (grupo_id, materia_id, aula, horario)
    SELECT grupo_id, 602, 'Aula 602', 'Martes 07:00-09:00' FROM grupos WHERE semestre_id = 6;
    
    -- Continúa con las demás materias y semestres...
END$$

DELIMITER ;

-- --------------------------------------------------------

--
-- Estructura de tabla para la tabla `alumnos`
--

CREATE TABLE `alumnos` (
  `alumno_id` int(11) NOT NULL,
  `numero_de_boleta` varchar(20) NOT NULL,
  `nombre` varchar(50) NOT NULL,
  `apellido_paterno` varchar(50) NOT NULL,
  `apellido_materno` varchar(50) DEFAULT NULL,
  `fecha_nacimiento` date DEFAULT NULL,
  `genero` char(1) DEFAULT NULL,
  `curp` varchar(18) DEFAULT NULL,
  `telefono` varchar(15) DEFAULT NULL,
  `email` varchar(100) DEFAULT NULL,
  `direccion` text DEFAULT NULL,
  `fecha_ingreso` date NOT NULL,
  `grupo_id` int(11) DEFAULT NULL,
  `activo` tinyint(1) DEFAULT 1
) ENGINE=InnoDB DEFAULT CHARSET=utf8mb4 COLLATE=utf8mb4_general_ci;

--
-- Volcado de datos para la tabla `alumnos`
--

INSERT INTO `alumnos` (`alumno_id`, `numero_de_boleta`, `nombre`, `apellido_paterno`, `apellido_materno`, `fecha_nacimiento`, `genero`, `curp`, `telefono`, `email`, `direccion`, `fecha_ingreso`, `grupo_id`, `activo`) VALUES
(1, '20240001', 'Juan', 'Pérez', 'Gómez', '2005-03-15', 'M', 'PEGJ050315HDFMNA1', '5512345678', 'juan.perez@email.com', 'Calle Falsa 123, CDMX', '2024-08-01', 1, 1),
(2, '20240002', 'María', 'López', 'Hernández', '2005-05-20', 'F', 'LOHM050520MDFPRA2', '5512345679', 'maria.lopez@email.com', 'Av. Siempre Viva 456, CDMX', '2024-08-01', 1, 1),
(3, '20240003', 'Carlos', 'García', 'Martínez', '2005-07-10', 'M', 'GAMC050710HDFRLA3', '5512345680', 'carlos.garcia@email.com', 'Reforma 789, CDMX', '2024-08-01', 25, 1),
(4, '20240004', 'Ana', 'Rodríguez', 'Sánchez', '2005-01-30', 'F', 'ROSA050130MDFDNA4', '5512345681', 'ana.rodriguez@email.com', 'Insurgentes 1011, CDMX', '2024-08-01', 25, 1),
(5, '20240005', 'Pedro', 'Martínez', 'González', '2004-11-25', 'M', 'MAGP041125HDFRNA5', '5512345682', 'pedro.martinez@email.com', 'Coyoacán 1213, CDMX', '2024-08-01', 49, 1),
(6, '20240006', 'Laura', 'Gómez', 'Díaz', '2004-09-18', 'F', 'GODL040918MDFZRA6', '5512345683', 'laura.gomez@email.com', 'Roma 1415, CDMX', '2024-08-01', 49, 1),
(7, '20240007', 'Jorge', 'Hernández', 'Fernández', '2004-08-12', 'M', 'HEFJ040812HDFRRA7', '5512345684', 'jorge.hernandez@email.com', 'Condesa 1617, CDMX', '2024-08-01', 73, 1),
(8, '20240008', 'Sofía', 'Díaz', 'Vázquez', '2004-06-05', 'F', 'DIVS040605MDFZFA8', '5512345685', 'sofia.diaz@email.com', 'Polanco 1819, CDMX', '2024-08-01', 73, 1),
(9, '20240009', 'Miguel', 'Sánchez', 'Ramírez', '2003-04-22', 'M', 'SARM030422HDFMGA9', '5512345686', 'miguel.sanchez@email.com', 'Santa Fe 2021, CDMX', '2024-08-01', 97, 1),
(10, '20240010', 'Alejandra', 'Fernández', 'Castillo', '2003-02-14', 'F', 'FECA030214MDFSLA0', '5512345687', 'alejandra.fernandez@email.com', 'Lomas 2223, CDMX', '2024-08-01', 97, 1),
(11, '20240011', 'Ricardo', 'Castillo', 'Morales', '2005-03-16', 'M', 'CAMR050316HDFLRA1', '5512345688', 'ricardo.castillo@email.com', 'Tacuba 2425, CDMX', '2024-08-01', 13, 1),
(12, '20240012', 'Patricia', 'Morales', 'Jiménez', '2005-05-21', 'F', 'MOJP050521MDFRTA2', '5512345689', 'patricia.morales@email.com', 'Tlalpan 2627, CDMX', '2024-08-01', 13, 1),
(13, '20240013', 'Fernando', 'Jiménez', 'Ruiz', '2005-07-11', 'M', 'JIRF050711HDFZRA3', '5512345690', 'fernando.jimenez@email.com', 'Xochimilco 2829, CDMX', '2024-08-01', 37, 1),
(14, '20240014', 'Gabriela', 'Ruiz', 'Ortiz', '2005-01-31', 'F', 'RUOG050131MDFZBA4', '5512345691', 'gabriela.ruiz@email.com', 'Iztapalapa 3031, CDMX', '2024-08-01', 37, 1),
(15, '20240015', 'Roberto', 'Ortiz', 'Flores', '2004-11-26', 'M', 'ORFR041126HDFTBA5', '5512345692', 'roberto.ortiz@email.com', 'Gustavo A. Madero 3233, CDMX', '2024-08-01', 61, 1),
(16, '20240016', 'Diana', 'Flores', 'Vargas', '2004-09-19', 'F', 'FOVD040919MDFLRA6', '5512345693', 'diana.flores@email.com', 'Álvaro Obregón 3435, CDMX', '2024-08-01', 61, 1),
(17, '20240017', 'Eduardo', 'Vargas', 'Cruz', '2004-08-13', 'M', 'VACE040813HDFRRA7', '5512345694', 'eduardo.vargas@email.com', 'Cuajimalpa 3637, CDMX', '2024-08-01', 85, 1),
(18, '20240018', 'Claudia', 'Cruz', 'Reyes', '2004-06-06', 'F', 'CURC040606MDFZLA8', '5512345695', 'claudia.cruz@email.com', 'Miguel Hidalgo 3839, CDMX', '2024-08-01', 85, 1),
(19, '20240019', 'Francisco', 'Reyes', 'Mendoza', '2003-04-23', 'M', 'REMF030423HDFYNA9', '5512345696', 'francisco.reyes@email.com', 'Venustiano Carranza 4041, CDMX', '2024-08-01', 109, 1),
(20, '20240020', 'Verónica', 'Mendoza', 'Guerrero', '2003-02-15', 'F', 'MEGV030215MDFNRA0', '5512345697', 'veronica.mendoza@email.com', 'Benito Juárez 4243, CDMX', '2024-08-01', 109, 1),
(21, '2022120690', 'Abraham', 'Mendez', 'Sanchez', '2006-06-07', 'M', 'MESA060607HDFNNBA8', '5661170567', 'canelooctubre@gmail.com', 'Azcapotzalco 02860, CDMX', '2022-08-01', 146, 1),
(22, '20240022', 'Roberto', 'Mendoza', 'Castro', '2005-04-15', 'M', 'MECR050415HDFNTS09', '5512345698', 'roberto.mendoza@email.com', 'Calle Primavera 123, CDMX', '2024-08-01', 1, 1),
(23, '20240023', 'Lucía', 'Vega', 'Ríos', '2005-07-22', 'F', 'VERL050722MDFGSC05', '5512345699', 'lucia.vega@email.com', 'Av. Reforma 456, CDMX', '2024-08-01', 1, 1),
(24, '20240024', 'Fernando', 'Cortés', 'Miranda', '2005-01-30', 'M', 'COMF050130HDFRRN07', '5512345700', 'fernando.cortes@email.com', 'Calle Luna 789, CDMX', '2024-08-01', 13, 1),
(25, '20240025', 'Adriana', 'Soto', 'Fuentes', '2005-09-18', 'F', 'SOFA050918MDFTND03', '5512345701', 'adriana.soto@email.com', 'Av. Insurgentes 1011, CDMX', '2024-08-01', 13, 1),
(26, '20240026', 'Javier', 'Campos', 'Ortega', '2004-11-25', 'M', 'CAOJ041125HDFMRV06', '5512345702', 'javier.campos@email.com', 'Calle Sol 1213, CDMX', '2024-08-01', 25, 1),
(27, '20240027', 'Patricia', 'Rojas', 'Paredes', '2004-08-12', 'F', 'ROPP040812MDFJRD01', '5512345703', 'patricia.rojas@email.com', 'Av. Universidad 1415, CDMX', '2024-08-01', 25, 1),
(28, '20240028', 'Oscar', 'Lara', 'Santos', '2004-06-05', 'M', 'LASO040605HDFRNS08', '5512345704', 'oscar.lara@email.com', 'Calle Estrella 1617, CDMX', '2024-08-01', 37, 1),
(29, '20240029', 'Gabriela', 'Silva', 'Méndez', '2005-03-10', 'F', 'SIMG050310MDFLNB04', '5512345705', 'gabriela.silva@email.com', 'Av. Revolución 1819, CDMX', '2024-08-01', 37, 1),
(30, '20240030', 'Raúl', 'Orozco', 'Guerrero', '2005-05-20', 'M', 'OAGR050520HDFRRL02', '5512345706', 'raul.orozco@email.com', 'Calle Marte 2021, CDMX', '2024-08-01', 49, 1),
(31, '20240031', 'Carmen', 'Navarro', 'Jiménez', '2005-02-14', 'F', 'NAJC050214MDFVMR07', '5512345707', 'carmen.navarro@email.com', 'Av. Hidalgo 2223, CDMX', '2024-08-01', 49, 1),
(32, '20240032', 'Héctor', 'Espinoza', 'Vargas', '2004-10-08', 'M', 'ESVH041008HDFPRC09', '5512345708', 'hector.espinoza@email.com', 'Calle Venus 2425, CDMX', '2024-08-01', 61, 1),
(33, '20240033', 'Isabel', 'Valdez', 'Cárdenas', '2004-12-03', 'F', 'VACI041203MDFLRS05', '5512345709', 'isabel.valdez@email.com', 'Av. Juárez 2627, CDMX', '2024-08-01', 61, 1),
(34, '20240034', 'Felipe', 'Acosta', 'Rosales', '2004-09-17', 'M', 'AORF040917HDFCSL03', '5512345710', 'felipe.acosta@email.com', 'Calle Saturno 2829, CDMX', '2024-08-01', 73, 1),
(35, '20240035', 'Diana', 'Mejía', 'Luna', '2004-07-11', 'F', 'MELD040711MDFJNN06', '5512345711', 'diana.mejia@email.com', 'Av. Chapultepec 3031, CDMX', '2024-08-01', 73, 1),
(36, '20240036', 'Sergio', 'Delgado', 'Cervantes', '2003-05-24', 'M', 'DECS030524HDFLRR01', '5512345712', 'sergio.delgado@email.com', 'Calle Neptuno 3233, CDMX', '2024-08-01', 85, 1),
(37, '20240037', 'Mariana', 'Castañeda', 'Reyes', '2003-03-19', 'F', 'CARM030319MDFSYN08', '5512345713', 'mariana.castaneda@email.com', 'Av. Patriotismo 3435, CDMX', '2024-08-01', 85, 1),
(38, '20240038', 'Arturo', 'Salazar', 'Aguilar', '2003-01-22', 'M', 'SAAA030122HDFLGR04', '5512345714', 'arturo.salazar@email.com', 'Calle Urano 3637, CDMX', '2024-08-01', 97, 1),
(39, '20240039', 'Teresa', 'Vázquez', 'Maldonado', '2003-04-30', 'F', 'VAMT030430MDFZLR02', '5512345715', 'teresa.vazquez@email.com', 'Av. Coyoacán 3839, CDMX', '2024-08-01', 97, 1),
(40, '20240040', 'Eduardo', 'Ríos', 'Gómez', '2003-08-15', 'M', 'RIGE030815HDFSMD07', '5512345716', 'eduardo.rios@email.com', 'Calle Plutón 4041, CDMX', '2024-08-01', 109, 1),
(41, '20240041', 'Verónica', 'Ponce', 'Herrera', '2003-06-28', 'F', 'POHV030628MDFNRR09', '5512345717', 'veronica.ponce@email.com', 'Av. San Jerónimo 4243, CDMX', '2024-08-01', 109, 1);

-- --------------------------------------------------------

--
-- Estructura de tabla para la tabla `calificaciones`
--

CREATE TABLE `calificaciones` (
  `calificacion_id` int(11) NOT NULL,
  `alumno_id` int(11) NOT NULL,
  `materia_id` int(11) NOT NULL,
  `semestre_id` int(11) NOT NULL,
  `parcial1` decimal(4,2) DEFAULT NULL,
  `parcial2` decimal(4,2) DEFAULT NULL,
  `parcial3` decimal(4,2) DEFAULT NULL,
  `final` decimal(4,2) DEFAULT NULL,
  `fecha_registro` timestamp NOT NULL DEFAULT current_timestamp()
) ENGINE=InnoDB DEFAULT CHARSET=utf8mb4 COLLATE=utf8mb4_general_ci;

--
-- Volcado de datos para la tabla `calificaciones`
--

INSERT INTO `calificaciones` (`calificacion_id`, `alumno_id`, `materia_id`, `semestre_id`, `parcial1`, `parcial2`, `parcial3`, `final`, `fecha_registro`) VALUES
(1, 1, 101, 1, 8.50, 9.00, 8.70, 8.70, '2025-03-31 05:08:47'),
(2, 1, 102, 1, 9.00, 9.20, 9.10, 9.10, '2025-03-31 05:08:47'),
(3, 1, 103, 1, 8.80, 8.50, 9.00, 8.80, '2025-03-31 05:08:47'),
(4, 2, 101, 1, 9.50, 9.30, 9.70, 9.50, '2025-03-31 05:08:47'),
(5, 2, 102, 1, 8.70, 9.00, 8.90, 8.90, '2025-03-31 05:08:47'),
(6, 2, 103, 1, 9.20, 9.50, 9.30, 9.30, '2025-03-31 05:08:47'),
(7, 3, 201, 2, 8.00, 8.50, 8.20, 8.20, '2025-03-31 05:08:47'),
(8, 3, 202, 2, 8.70, 8.90, 8.80, 8.80, '2025-03-31 05:08:47'),
(9, 3, 203, 2, 9.00, 9.10, 9.30, 9.10, '2025-03-31 05:08:47'),
(10, 4, 201, 2, 7.50, 8.00, 7.80, 7.80, '2025-03-31 05:08:47'),
(11, 4, 202, 2, 8.00, 8.20, 8.50, 8.20, '2025-03-31 05:08:47'),
(12, 4, 203, 2, 8.70, 8.90, 9.00, 8.90, '2025-03-31 05:08:47'),
(13, 5, 301, 3, 9.20, 9.50, 9.30, 9.30, '2025-03-31 05:08:47'),
(14, 5, 302, 3, 8.80, 9.00, 9.10, 9.00, '2025-03-31 05:08:47'),
(15, 5, 303, 3, 9.50, 9.70, 9.60, 9.60, '2025-03-31 05:08:47'),
(16, 6, 301, 3, 8.50, 8.70, 8.90, 8.70, '2025-03-31 05:08:47'),
(17, 6, 302, 3, 9.00, 9.20, 9.10, 9.10, '2025-03-31 05:08:47'),
(18, 6, 303, 3, 8.70, 8.90, 9.00, 8.90, '2025-03-31 05:08:47'),
(19, 7, 401, 4, 8.00, 8.50, 8.30, 8.30, '2025-03-31 05:08:47'),
(20, 7, 402, 4, 8.70, 8.90, 9.00, 8.90, '2025-03-31 05:08:47'),
(21, 7, 403, 4, 9.20, 9.40, 9.30, 9.30, '2025-03-31 05:08:47'),
(22, 8, 401, 4, 7.80, 8.20, 8.00, 8.00, '2025-03-31 05:08:47'),
(23, 8, 402, 4, 8.50, 8.70, 8.90, 8.70, '2025-03-31 05:08:47'),
(24, 8, 403, 4, 9.00, 9.20, 9.10, 9.10, '2025-03-31 05:08:47'),
(25, 9, 501, 5, 9.50, 9.70, 9.60, 9.60, '2025-03-31 05:08:47'),
(26, 9, 502, 5, 8.80, 9.00, 9.10, 9.00, '2025-03-31 05:08:47'),
(27, 9, 503, 5, 9.20, 9.40, 9.30, 9.30, '2025-03-31 05:08:47'),
(28, 10, 501, 5, 8.70, 9.00, 8.90, 8.90, '2025-03-31 05:08:47'),
(29, 10, 502, 5, 9.20, 9.50, 9.30, 9.30, '2025-03-31 05:08:47'),
(30, 10, 503, 5, 8.50, 8.70, 8.90, 8.70, '2025-03-31 05:08:47'),
(31, 11, 101, 1, 8.00, 8.50, 8.20, 8.20, '2025-03-31 05:08:47'),
(32, 11, 102, 1, 8.70, 8.90, 8.80, 8.80, '2025-03-31 05:08:47'),
(33, 11, 103, 1, 9.00, 9.20, 9.10, 9.10, '2025-03-31 05:08:47'),
(34, 12, 101, 1, 7.50, 8.00, 7.80, 7.80, '2025-03-31 05:08:47'),
(35, 12, 102, 1, 8.00, 8.20, 8.50, 8.20, '2025-03-31 05:08:47'),
(36, 12, 103, 1, 8.70, 8.90, 9.00, 8.90, '2025-03-31 05:08:47'),
(37, 13, 201, 2, 9.20, 9.50, 9.30, 9.30, '2025-03-31 05:08:47'),
(38, 13, 202, 2, 8.80, 9.00, 9.10, 9.00, '2025-03-31 05:08:47'),
(39, 13, 203, 2, 9.50, 9.70, 9.60, 9.60, '2025-03-31 05:08:47'),
(40, 14, 201, 2, 8.50, 8.70, 8.90, 8.70, '2025-03-31 05:08:47'),
(41, 14, 202, 2, 9.00, 9.20, 9.10, 9.10, '2025-03-31 05:08:47'),
(42, 14, 203, 2, 8.70, 8.90, 9.00, 8.90, '2025-03-31 05:08:47'),
(43, 15, 301, 3, 8.00, 8.50, 8.30, 8.30, '2025-03-31 05:08:47'),
(44, 15, 302, 3, 8.70, 8.90, 9.00, 8.90, '2025-03-31 05:08:47'),
(45, 15, 303, 3, 9.20, 9.40, 9.30, 9.30, '2025-03-31 05:08:47'),
(46, 16, 301, 3, 7.80, 8.20, 8.00, 8.00, '2025-03-31 05:08:47'),
(47, 16, 302, 3, 8.50, 8.70, 8.90, 8.70, '2025-03-31 05:08:47'),
(48, 16, 303, 3, 9.00, 9.20, 9.10, 9.10, '2025-03-31 05:08:47'),
(49, 17, 401, 4, 9.50, 9.70, 9.60, 9.60, '2025-03-31 05:08:47'),
(50, 17, 402, 4, 8.80, 9.00, 9.10, 9.00, '2025-03-31 05:08:47'),
(51, 17, 403, 4, 9.20, 9.40, 9.30, 9.30, '2025-03-31 05:08:47'),
(52, 18, 401, 4, 8.70, 9.00, 8.90, 8.90, '2025-03-31 05:08:47'),
(53, 18, 402, 4, 9.20, 9.50, 9.30, 9.30, '2025-03-31 05:08:47'),
(54, 18, 403, 4, 8.50, 8.70, 8.90, 8.70, '2025-03-31 05:08:47'),
(55, 19, 501, 5, 8.00, 8.50, 8.20, 8.20, '2025-03-31 05:08:47'),
(56, 19, 502, 5, 8.70, 8.90, 8.80, 8.80, '2025-03-31 05:08:47'),
(57, 19, 503, 5, 9.00, 9.20, 9.10, 9.10, '2025-03-31 05:08:47'),
(58, 20, 501, 5, 7.50, 8.00, 7.80, 7.80, '2025-03-31 05:08:47'),
(59, 20, 502, 5, 8.00, 8.20, 8.50, 8.20, '2025-03-31 05:08:47'),
(60, 20, 503, 5, 8.70, 8.90, 9.00, 8.90, '2025-03-31 05:08:47'),
(61, 21, 601, 6, 8.50, 9.00, 8.80, 8.80, '2025-03-31 05:09:27'),
(62, 21, 602, 6, 9.00, 8.70, 9.20, 9.00, '2025-03-31 05:09:27'),
(63, 21, 603, 6, 9.50, 9.30, 9.70, 9.50, '2025-03-31 05:09:27'),
(64, 21, 604, 6, 10.00, 9.80, 10.00, 9.90, '2025-03-31 05:09:27'),
(65, 21, 605, 6, 8.70, 9.20, 9.00, 9.00, '2025-03-31 05:09:27'),
(66, 21, 606, 6, 9.20, 9.50, 9.30, 9.30, '2025-03-31 05:09:27'),
(67, 21, 607, 6, 8.80, 9.10, 9.00, 9.00, '2025-03-31 05:09:27'),
(68, 21, 608, 6, 9.00, 9.30, 9.10, 9.10, '2025-03-31 05:09:27'),
(69, 22, 101, 1, 6.50, 6.80, 6.80, 6.70, '2025-03-31 05:45:01'),
(70, 22, 102, 1, 6.70, 6.50, 7.00, 6.70, '2025-03-31 05:45:01'),
(71, 22, 103, 1, 6.80, 6.60, 6.90, 6.80, '2025-03-31 05:45:01'),
(72, 23, 101, 1, 6.30, 6.50, 6.70, 6.50, '2025-03-31 05:45:01'),
(73, 23, 102, 1, 6.40, 6.60, 6.50, 6.50, '2025-03-31 05:45:01'),
(74, 23, 103, 1, 6.60, 6.40, 6.50, 6.50, '2025-03-31 05:45:01'),
(75, 24, 101, 1, 7.00, 7.10, 6.90, 7.00, '2025-03-31 05:45:01'),
(76, 24, 102, 1, 6.90, 7.20, 6.90, 7.00, '2025-03-31 05:45:01'),
(77, 24, 103, 1, 7.10, 6.80, 7.10, 7.00, '2025-03-31 05:45:01'),
(78, 25, 101, 1, 6.70, 6.90, 6.80, 6.80, '2025-03-31 05:45:01'),
(79, 25, 102, 1, 6.80, 6.70, 6.90, 6.80, '2025-03-31 05:45:01'),
(80, 25, 103, 1, 6.90, 6.80, 6.70, 6.80, '2025-03-31 05:45:01'),
(81, 26, 201, 2, 7.10, 7.30, 7.20, 7.20, '2025-03-31 05:45:01'),
(82, 26, 202, 2, 7.20, 7.10, 7.30, 7.20, '2025-03-31 05:45:01'),
(83, 26, 203, 2, 7.30, 7.20, 7.10, 7.20, '2025-03-31 05:45:01'),
(84, 27, 201, 2, 6.20, 6.40, 6.30, 6.30, '2025-03-31 05:45:01'),
(85, 27, 202, 2, 6.30, 6.20, 6.40, 6.30, '2025-03-31 05:45:01'),
(86, 27, 203, 2, 6.40, 6.30, 6.20, 6.30, '2025-03-31 05:45:01'),
(87, 28, 201, 2, 6.80, 7.00, 6.90, 6.90, '2025-03-31 05:45:01'),
(88, 28, 202, 2, 6.90, 6.80, 7.00, 6.90, '2025-03-31 05:45:01'),
(89, 28, 203, 2, 7.00, 6.90, 6.80, 6.90, '2025-03-31 05:45:01'),
(90, 29, 201, 2, 8.40, 8.60, 8.50, 8.50, '2025-03-31 05:45:01'),
(91, 29, 202, 2, 8.50, 8.40, 8.60, 8.50, '2025-03-31 05:45:01'),
(92, 29, 203, 2, 8.60, 8.50, 8.40, 8.50, '2025-03-31 05:45:01'),
(93, 30, 301, 3, 9.10, 9.30, 9.20, 9.20, '2025-03-31 05:45:01'),
(94, 30, 302, 3, 9.20, 9.10, 9.30, 9.20, '2025-03-31 05:45:01'),
(95, 30, 303, 3, 9.30, 9.20, 9.10, 9.20, '2025-03-31 05:45:01'),
(96, 31, 301, 3, 7.70, 7.90, 7.80, 7.80, '2025-03-31 05:45:01'),
(97, 31, 302, 3, 7.80, 7.70, 7.90, 7.80, '2025-03-31 05:45:01'),
(98, 31, 303, 3, 7.90, 7.80, 7.70, 7.80, '2025-03-31 05:45:01'),
(99, 32, 301, 3, 8.80, 9.00, 8.90, 8.90, '2025-03-31 05:45:01'),
(100, 32, 302, 3, 8.90, 8.80, 9.00, 8.90, '2025-03-31 05:45:01'),
(101, 32, 303, 3, 9.00, 8.90, 8.80, 8.90, '2025-03-31 05:45:01'),
(102, 33, 401, 4, 5.70, 5.90, 5.80, 5.80, '2025-03-31 05:45:01'),
(103, 33, 402, 4, 5.80, 5.70, 5.90, 5.80, '2025-03-31 05:45:01'),
(104, 33, 403, 4, 5.90, 5.80, 5.70, 5.80, '2025-03-31 05:45:01'),
(105, 34, 401, 4, 9.40, 9.60, 9.50, 9.50, '2025-03-31 05:45:01'),
(106, 34, 402, 4, 9.50, 9.40, 9.60, 9.50, '2025-03-31 05:45:01'),
(107, 34, 403, 4, 9.60, 9.50, 9.40, 9.50, '2025-03-31 05:45:01'),
(108, 35, 401, 4, 8.10, 8.30, 8.20, 8.20, '2025-03-31 05:45:01'),
(109, 35, 402, 4, 8.20, 8.10, 8.30, 8.20, '2025-03-31 05:45:01'),
(110, 35, 403, 4, 8.30, 8.20, 8.10, 8.20, '2025-03-31 05:45:01'),
(111, 36, 501, 5, 7.40, 7.60, 7.50, 7.50, '2025-03-31 05:45:01'),
(112, 36, 502, 5, 7.50, 7.40, 7.60, 7.50, '2025-03-31 05:45:01'),
(113, 36, 503, 5, 7.60, 7.50, 7.40, 7.50, '2025-03-31 05:45:01'),
(114, 37, 501, 5, 8.60, 8.80, 8.70, 8.70, '2025-03-31 05:45:01'),
(115, 37, 502, 5, 8.70, 8.60, 8.80, 8.70, '2025-03-31 05:45:01'),
(116, 37, 503, 5, 8.80, 8.70, 8.60, 8.70, '2025-03-31 05:45:01'),
(117, 38, 501, 5, 6.00, 6.20, 6.10, 6.10, '2025-03-31 05:45:01'),
(118, 38, 502, 5, 6.10, 6.00, 6.20, 6.10, '2025-03-31 05:45:01'),
(119, 38, 503, 5, 6.20, 6.10, 6.00, 6.10, '2025-03-31 05:45:01'),
(120, 39, 601, 6, 8.90, 9.10, 9.00, 9.00, '2025-03-31 05:45:01'),
(121, 39, 602, 6, 9.00, 8.90, 9.10, 9.00, '2025-03-31 05:45:01'),
(122, 39, 603, 6, 9.10, 9.00, 8.90, 9.00, '2025-03-31 05:45:01'),
(123, 40, 601, 6, 7.80, 8.00, 7.90, 7.90, '2025-03-31 05:45:01'),
(124, 40, 602, 6, 7.90, 7.80, 8.00, 7.90, '2025-03-31 05:45:01'),
(125, 40, 603, 6, 8.00, 7.90, 7.80, 7.90, '2025-03-31 05:45:01'),
(126, 41, 601, 6, 8.30, 8.50, 8.40, 8.40, '2025-03-31 05:45:01'),
(127, 41, 602, 6, 8.40, 8.30, 8.50, 8.40, '2025-03-31 05:45:01'),
(128, 41, 603, 6, 8.50, 8.40, 8.30, 8.40, '2025-03-31 05:45:01');

-- --------------------------------------------------------

--
-- Estructura de tabla para la tabla `grupos`
--

CREATE TABLE `grupos` (
  `grupo_id` int(11) NOT NULL,
  `nombre` varchar(20) NOT NULL,
  `semestre_id` int(11) NOT NULL,
  `turno_id` int(11) NOT NULL,
  `capacidad` int(11) DEFAULT 30,
  `tutor_id` int(11) DEFAULT NULL
) ENGINE=InnoDB DEFAULT CHARSET=utf8mb4 COLLATE=utf8mb4_general_ci;

--
-- Volcado de datos para la tabla `grupos`
--

INSERT INTO `grupos` (`grupo_id`, `nombre`, `semestre_id`, `turno_id`, `capacidad`, `tutor_id`) VALUES
(1, '1IM1', 1, 1, 30, 1),
(2, '1IM2', 1, 1, 30, 1),
(3, '1IM3', 1, 1, 30, 1),
(4, '1IM4', 1, 1, 30, 1),
(5, '1IM5', 1, 1, 30, 1),
(6, '1IM6', 1, 1, 30, 1),
(7, '1IM7', 1, 1, 30, 1),
(8, '1IM8', 1, 1, 30, 1),
(9, '1IM9', 1, 1, 30, 1),
(10, '1IM10', 1, 1, 30, 1),
(11, '1IM11', 1, 1, 30, 1),
(12, '1IM12', 1, 1, 30, 1),
(13, '1IV1', 1, 2, 30, 1),
(14, '1IV2', 1, 2, 30, 1),
(15, '1IV3', 1, 2, 30, 1),
(16, '1IV4', 1, 2, 30, 1),
(17, '1IV5', 1, 2, 30, 1),
(18, '1IV6', 1, 2, 30, 1),
(19, '1IV7', 1, 2, 30, 1),
(20, '1IV8', 1, 2, 30, 1),
(21, '1IV9', 1, 2, 30, 1),
(22, '1IV10', 1, 2, 30, 1),
(23, '1IV11', 1, 2, 30, 1),
(24, '1IV12', 1, 2, 30, 1),
(25, '2IM1', 2, 1, 30, 1),
(26, '2IM2', 2, 1, 30, 1),
(27, '2IM3', 2, 1, 30, 1),
(28, '2IM4', 2, 1, 30, 1),
(29, '2IM5', 2, 1, 30, 1),
(30, '2IM6', 2, 1, 30, 1),
(31, '2IM7', 2, 1, 30, 1),
(32, '2IM8', 2, 1, 30, 1),
(33, '2IM9', 2, 1, 30, 1),
(34, '2IM10', 2, 1, 30, 1),
(35, '2IM11', 2, 1, 30, 1),
(36, '2IM12', 2, 1, 30, 1),
(37, '2IV1', 2, 2, 30, 1),
(38, '2IV2', 2, 2, 30, 1),
(39, '2IV3', 2, 2, 30, 1),
(40, '2IV4', 2, 2, 30, 1),
(41, '2IV5', 2, 2, 30, 1),
(42, '2IV6', 2, 2, 30, 1),
(43, '2IV7', 2, 2, 30, 1),
(44, '2IV8', 2, 2, 30, 1),
(45, '2IV9', 2, 2, 30, 1),
(46, '2IV10', 2, 2, 30, 1),
(47, '2IV11', 2, 2, 30, 1),
(48, '2IV12', 2, 2, 30, 1),
(49, '3IM1', 3, 1, 30, 1),
(50, '3IM2', 3, 1, 30, 1),
(51, '3IM3', 3, 1, 30, 1),
(52, '3IM4', 3, 1, 30, 1),
(53, '3IM5', 3, 1, 30, 1),
(54, '3IM6', 3, 1, 30, 1),
(55, '3IM7', 3, 1, 30, 1),
(56, '3IM8', 3, 1, 30, 1),
(57, '3IM9', 3, 1, 30, 1),
(58, '3IM10', 3, 1, 30, 1),
(59, '3IM11', 3, 1, 30, 1),
(60, '3IM12', 3, 1, 30, 1),
(61, '3IV1', 3, 2, 30, 1),
(62, '3IV2', 3, 2, 30, 1),
(63, '3IV3', 3, 2, 30, 1),
(64, '3IV4', 3, 2, 30, 1),
(65, '3IV5', 3, 2, 30, 1),
(66, '3IV6', 3, 2, 30, 1),
(67, '3IV7', 3, 2, 30, 1),
(68, '3IV8', 3, 2, 30, 1),
(69, '3IV9', 3, 2, 30, 1),
(70, '3IV10', 3, 2, 30, 1),
(71, '3IV11', 3, 2, 30, 1),
(72, '3IV12', 3, 2, 30, 1),
(73, '4IM1', 4, 1, 30, 1),
(74, '4IM2', 4, 1, 30, 1),
(75, '4IM3', 4, 1, 30, 1),
(76, '4IM4', 4, 1, 30, 1),
(77, '4IM5', 4, 1, 30, 1),
(78, '4IM6', 4, 1, 30, 1),
(79, '4IM7', 4, 1, 30, 1),
(80, '4IM8', 4, 1, 30, 1),
(81, '4IM9', 4, 1, 30, 1),
(82, '4IM10', 4, 1, 30, 1),
(83, '4IM11', 4, 1, 30, 1),
(84, '4IM12', 4, 1, 30, 1),
(85, '4IV1', 4, 2, 30, 1),
(86, '4IV2', 4, 2, 30, 1),
(87, '4IV3', 4, 2, 30, 1),
(88, '4IV4', 4, 2, 30, 1),
(89, '4IV5', 4, 2, 30, 1),
(90, '4IV6', 4, 2, 30, 1),
(91, '4IV7', 4, 2, 30, 1),
(92, '4IV8', 4, 2, 30, 1),
(93, '4IV9', 4, 2, 30, 1),
(94, '4IV10', 4, 2, 30, 1),
(95, '4IV11', 4, 2, 30, 1),
(96, '4IV12', 4, 2, 30, 1),
(97, '5IM1', 5, 1, 30, 1),
(98, '5IM2', 5, 1, 30, 1),
(99, '5IM3', 5, 1, 30, 1),
(100, '5IM4', 5, 1, 30, 1),
(101, '5IM5', 5, 1, 30, 1),
(102, '5IM6', 5, 1, 30, 1),
(103, '5IM7', 5, 1, 30, 1),
(104, '5IM8', 5, 1, 30, 1),
(105, '5IM9', 5, 1, 30, 1),
(106, '5IM10', 5, 1, 30, 1),
(107, '5IM11', 5, 1, 30, 1),
(108, '5IM12', 5, 1, 30, 1),
(109, '5IV1', 5, 2, 30, 1),
(110, '5IV2', 5, 2, 30, 1),
(111, '5IV3', 5, 2, 30, 1),
(112, '5IV4', 5, 2, 30, 1),
(113, '5IV5', 5, 2, 30, 1),
(114, '5IV6', 5, 2, 30, 1),
(115, '5IV7', 5, 2, 30, 1),
(116, '5IV8', 5, 2, 30, 1),
(117, '5IV9', 5, 2, 30, 1),
(118, '5IV10', 5, 2, 30, 1),
(119, '5IV11', 5, 2, 30, 1),
(120, '5IV12', 5, 2, 30, 1),
(121, '6IM1', 6, 1, 30, 1),
(122, '6IM2', 6, 1, 30, 1),
(123, '6IM3', 6, 1, 30, 1),
(124, '6IM4', 6, 1, 30, 1),
(125, '6IM5', 6, 1, 30, 1),
(126, '6IM6', 6, 1, 30, 1),
(127, '6IM7', 6, 1, 30, 1),
(128, '6IM8', 6, 1, 30, 1),
(129, '6IM9', 6, 1, 30, 1),
(130, '6IM10', 6, 1, 30, 1),
(131, '6IM11', 6, 1, 30, 1),
(132, '6IM12', 6, 1, 30, 1),
(133, '6IM13', 6, 1, 30, 1),
(134, '6IV1', 6, 2, 30, 1),
(135, '6IV2', 6, 2, 30, 1),
(136, '6IV3', 6, 2, 30, 1),
(137, '6IV4', 6, 2, 30, 1),
(138, '6IV5', 6, 2, 30, 1),
(139, '6IV6', 6, 2, 30, 1),
(140, '6IV7', 6, 2, 30, 1),
(141, '6IV8', 6, 2, 30, 1),
(142, '6IV9', 6, 2, 30, 1),
(143, '6IV10', 6, 2, 30, 1),
(144, '6IV11', 6, 2, 30, 1),
(145, '6IV12', 6, 2, 30, 1),
(146, '6IV13', 6, 2, 30, 1);

-- --------------------------------------------------------

--
-- Estructura de tabla para la tabla `grupo_materia`
--

CREATE TABLE `grupo_materia` (
  `grupo_materia_id` int(11) NOT NULL,
  `grupo_id` int(11) NOT NULL,
  `materia_id` int(11) NOT NULL,
  `profesor_id` int(11) NOT NULL,
  `aula` varchar(20) DEFAULT NULL,
  `horario` text DEFAULT NULL
) ENGINE=InnoDB DEFAULT CHARSET=utf8mb4 COLLATE=utf8mb4_general_ci;

--
-- Volcado de datos para la tabla `grupo_materia`
--

INSERT INTO `grupo_materia` (`grupo_materia_id`, `grupo_id`, `materia_id`, `profesor_id`, `aula`, `horario`) VALUES
(2, 1, 101, 1, 'Aula 101', 'Lunes 07:00-09:00'),
(3, 1, 102, 4, 'Aula 102', 'Martes 07:00-09:00'),
(4, 1, 103, 1, 'Aula 103', 'Lunes 07:00-09:00'),
(5, 1, 104, 1, 'Aula 104', 'Martes 07:00-09:00'),
(6, 1, 105, 1, 'Aula 105', 'Lunes 07:00-09:00'),
(7, 1, 106, 1, 'Aula 106', 'Martes 07:00-09:00'),
(8, 1, 107, 1, 'Aula 107', 'Lunes 07:00-09:00'),
(9, 1, 108, 1, 'Aula 108', 'Martes 07:00-09:00'),
(10, 1, 109, 1, 'Aula 109', 'Lunes 07:00-09:00'),
(11, 2, 101, 1, 'Aula 101', 'Lunes 07:00-09:00'),
(12, 2, 102, 4, 'Aula 102', 'Martes 07:00-09:00'),
(13, 2, 103, 1, 'Aula 103', 'Lunes 07:00-09:00'),
(14, 2, 104, 1, 'Aula 104', 'Martes 07:00-09:00'),
(15, 2, 105, 1, 'Aula 105', 'Lunes 07:00-09:00'),
(16, 2, 106, 1, 'Aula 106', 'Martes 07:00-09:00'),
(17, 2, 107, 1, 'Aula 107', 'Lunes 07:00-09:00'),
(18, 2, 108, 1, 'Aula 108', 'Martes 07:00-09:00'),
(19, 2, 109, 1, 'Aula 109', 'Lunes 07:00-09:00'),
(20, 3, 101, 1, 'Aula 101', 'Lunes 07:00-09:00'),
(21, 3, 102, 4, 'Aula 102', 'Martes 07:00-09:00'),
(22, 3, 103, 1, 'Aula 103', 'Lunes 07:00-09:00'),
(23, 3, 104, 1, 'Aula 104', 'Martes 07:00-09:00'),
(24, 3, 105, 1, 'Aula 105', 'Lunes 07:00-09:00'),
(25, 3, 106, 1, 'Aula 106', 'Martes 07:00-09:00'),
(26, 3, 107, 1, 'Aula 107', 'Lunes 07:00-09:00'),
(27, 3, 108, 1, 'Aula 108', 'Martes 07:00-09:00'),
(28, 3, 109, 1, 'Aula 109', 'Lunes 07:00-09:00'),
(29, 4, 101, 1, 'Aula 101', 'Lunes 07:00-09:00'),
(30, 4, 102, 4, 'Aula 102', 'Martes 07:00-09:00'),
(31, 4, 103, 1, 'Aula 103', 'Lunes 07:00-09:00'),
(32, 4, 104, 1, 'Aula 104', 'Martes 07:00-09:00'),
(33, 4, 105, 1, 'Aula 105', 'Lunes 07:00-09:00'),
(34, 4, 106, 1, 'Aula 106', 'Martes 07:00-09:00'),
(35, 4, 107, 1, 'Aula 107', 'Lunes 07:00-09:00'),
(36, 4, 108, 1, 'Aula 108', 'Martes 07:00-09:00'),
(37, 4, 109, 1, 'Aula 109', 'Lunes 07:00-09:00'),
(38, 5, 101, 1, 'Aula 101', 'Lunes 07:00-09:00'),
(39, 5, 102, 4, 'Aula 102', 'Martes 07:00-09:00'),
(40, 5, 103, 1, 'Aula 103', 'Lunes 07:00-09:00'),
(41, 5, 104, 1, 'Aula 104', 'Martes 07:00-09:00'),
(42, 5, 105, 1, 'Aula 105', 'Lunes 07:00-09:00'),
(43, 5, 106, 1, 'Aula 106', 'Martes 07:00-09:00'),
(44, 5, 107, 1, 'Aula 107', 'Lunes 07:00-09:00'),
(45, 5, 108, 1, 'Aula 108', 'Martes 07:00-09:00'),
(46, 5, 109, 1, 'Aula 109', 'Lunes 07:00-09:00'),
(47, 6, 101, 1, 'Aula 101', 'Lunes 07:00-09:00'),
(48, 6, 102, 4, 'Aula 102', 'Martes 07:00-09:00'),
(49, 6, 103, 1, 'Aula 103', 'Lunes 07:00-09:00'),
(50, 6, 104, 1, 'Aula 104', 'Martes 07:00-09:00'),
(51, 6, 105, 1, 'Aula 105', 'Lunes 07:00-09:00'),
(52, 6, 106, 1, 'Aula 106', 'Martes 07:00-09:00'),
(53, 6, 107, 1, 'Aula 107', 'Lunes 07:00-09:00'),
(54, 6, 108, 1, 'Aula 108', 'Martes 07:00-09:00'),
(55, 6, 109, 1, 'Aula 109', 'Lunes 07:00-09:00'),
(56, 7, 101, 1, 'Aula 101', 'Lunes 07:00-09:00'),
(57, 7, 102, 4, 'Aula 102', 'Martes 07:00-09:00'),
(58, 7, 103, 1, 'Aula 103', 'Lunes 07:00-09:00'),
(59, 7, 104, 1, 'Aula 104', 'Martes 07:00-09:00'),
(60, 7, 105, 1, 'Aula 105', 'Lunes 07:00-09:00'),
(61, 7, 106, 1, 'Aula 106', 'Martes 07:00-09:00'),
(62, 7, 107, 1, 'Aula 107', 'Lunes 07:00-09:00'),
(63, 7, 108, 1, 'Aula 108', 'Martes 07:00-09:00'),
(64, 7, 109, 1, 'Aula 109', 'Lunes 07:00-09:00'),
(65, 8, 101, 1, 'Aula 101', 'Lunes 07:00-09:00'),
(66, 8, 102, 4, 'Aula 102', 'Martes 07:00-09:00'),
(67, 8, 103, 1, 'Aula 103', 'Lunes 07:00-09:00'),
(68, 8, 104, 1, 'Aula 104', 'Martes 07:00-09:00'),
(69, 8, 105, 1, 'Aula 105', 'Lunes 07:00-09:00'),
(70, 8, 106, 1, 'Aula 106', 'Martes 07:00-09:00'),
(71, 8, 107, 1, 'Aula 107', 'Lunes 07:00-09:00'),
(72, 8, 108, 1, 'Aula 108', 'Martes 07:00-09:00'),
(73, 8, 109, 1, 'Aula 109', 'Lunes 07:00-09:00'),
(74, 9, 101, 1, 'Aula 101', 'Lunes 07:00-09:00'),
(75, 9, 102, 4, 'Aula 102', 'Martes 07:00-09:00'),
(76, 9, 103, 1, 'Aula 103', 'Lunes 07:00-09:00'),
(77, 9, 104, 1, 'Aula 104', 'Martes 07:00-09:00'),
(78, 9, 105, 1, 'Aula 105', 'Lunes 07:00-09:00'),
(79, 9, 106, 1, 'Aula 106', 'Martes 07:00-09:00'),
(80, 9, 107, 1, 'Aula 107', 'Lunes 07:00-09:00'),
(81, 9, 108, 1, 'Aula 108', 'Martes 07:00-09:00'),
(82, 9, 109, 1, 'Aula 109', 'Lunes 07:00-09:00'),
(83, 10, 101, 1, 'Aula 101', 'Lunes 07:00-09:00'),
(84, 10, 102, 4, 'Aula 102', 'Martes 07:00-09:00'),
(85, 10, 103, 1, 'Aula 103', 'Lunes 07:00-09:00'),
(86, 10, 104, 1, 'Aula 104', 'Martes 07:00-09:00'),
(87, 10, 105, 1, 'Aula 105', 'Lunes 07:00-09:00'),
(88, 10, 106, 1, 'Aula 106', 'Martes 07:00-09:00'),
(89, 10, 107, 1, 'Aula 107', 'Lunes 07:00-09:00'),
(90, 10, 108, 1, 'Aula 108', 'Martes 07:00-09:00'),
(91, 10, 109, 1, 'Aula 109', 'Lunes 07:00-09:00'),
(92, 11, 101, 1, 'Aula 101', 'Lunes 07:00-09:00'),
(93, 11, 102, 4, 'Aula 102', 'Martes 07:00-09:00'),
(94, 11, 103, 1, 'Aula 103', 'Lunes 07:00-09:00'),
(95, 11, 104, 1, 'Aula 104', 'Martes 07:00-09:00'),
(96, 11, 105, 1, 'Aula 105', 'Lunes 07:00-09:00'),
(97, 11, 106, 1, 'Aula 106', 'Martes 07:00-09:00'),
(98, 11, 107, 1, 'Aula 107', 'Lunes 07:00-09:00'),
(99, 11, 108, 1, 'Aula 108', 'Martes 07:00-09:00'),
(100, 11, 109, 1, 'Aula 109', 'Lunes 07:00-09:00'),
(101, 12, 101, 1, 'Aula 101', 'Lunes 07:00-09:00'),
(102, 12, 102, 4, 'Aula 102', 'Martes 07:00-09:00'),
(103, 12, 103, 1, 'Aula 103', 'Lunes 07:00-09:00'),
(104, 12, 104, 1, 'Aula 104', 'Martes 07:00-09:00'),
(105, 12, 105, 1, 'Aula 105', 'Lunes 07:00-09:00'),
(106, 12, 106, 1, 'Aula 106', 'Martes 07:00-09:00'),
(107, 12, 107, 1, 'Aula 107', 'Lunes 07:00-09:00'),
(108, 12, 108, 1, 'Aula 108', 'Martes 07:00-09:00'),
(109, 12, 109, 1, 'Aula 109', 'Lunes 07:00-09:00'),
(110, 25, 201, 1, 'Aula 201', 'Lunes 07:00-09:00'),
(111, 25, 202, 1, 'Aula 202', 'Martes 07:00-09:00'),
(112, 25, 203, 1, 'Aula 203', 'Lunes 07:00-09:00'),
(113, 25, 204, 1, 'Aula 204', 'Martes 07:00-09:00'),
(114, 25, 205, 1, 'Aula 205', 'Lunes 07:00-09:00'),
(115, 25, 206, 1, 'Aula 206', 'Martes 07:00-09:00'),
(116, 25, 207, 1, 'Aula 207', 'Lunes 07:00-09:00'),
(117, 25, 208, 1, 'Aula 208', 'Martes 07:00-09:00'),
(118, 25, 209, 1, 'Aula 209', 'Lunes 07:00-09:00'),
(119, 26, 201, 1, 'Aula 201', 'Lunes 07:00-09:00'),
(120, 26, 202, 1, 'Aula 202', 'Martes 07:00-09:00'),
(121, 26, 203, 1, 'Aula 203', 'Lunes 07:00-09:00'),
(122, 26, 204, 1, 'Aula 204', 'Martes 07:00-09:00'),
(123, 26, 205, 1, 'Aula 205', 'Lunes 07:00-09:00'),
(124, 26, 206, 1, 'Aula 206', 'Martes 07:00-09:00'),
(125, 26, 207, 1, 'Aula 207', 'Lunes 07:00-09:00'),
(126, 26, 208, 1, 'Aula 208', 'Martes 07:00-09:00'),
(127, 26, 209, 1, 'Aula 209', 'Lunes 07:00-09:00'),
(128, 27, 201, 1, 'Aula 201', 'Lunes 07:00-09:00'),
(129, 27, 202, 1, 'Aula 202', 'Martes 07:00-09:00'),
(130, 27, 203, 1, 'Aula 203', 'Lunes 07:00-09:00'),
(131, 27, 204, 1, 'Aula 204', 'Martes 07:00-09:00'),
(132, 27, 205, 1, 'Aula 205', 'Lunes 07:00-09:00'),
(133, 27, 206, 1, 'Aula 206', 'Martes 07:00-09:00'),
(134, 27, 207, 1, 'Aula 207', 'Lunes 07:00-09:00'),
(135, 27, 208, 1, 'Aula 208', 'Martes 07:00-09:00'),
(136, 27, 209, 1, 'Aula 209', 'Lunes 07:00-09:00'),
(137, 28, 201, 1, 'Aula 201', 'Lunes 07:00-09:00'),
(138, 28, 202, 1, 'Aula 202', 'Martes 07:00-09:00'),
(139, 28, 203, 1, 'Aula 203', 'Lunes 07:00-09:00'),
(140, 28, 204, 1, 'Aula 204', 'Martes 07:00-09:00'),
(141, 28, 205, 1, 'Aula 205', 'Lunes 07:00-09:00'),
(142, 28, 206, 1, 'Aula 206', 'Martes 07:00-09:00'),
(143, 28, 207, 1, 'Aula 207', 'Lunes 07:00-09:00'),
(144, 28, 208, 1, 'Aula 208', 'Martes 07:00-09:00'),
(145, 28, 209, 1, 'Aula 209', 'Lunes 07:00-09:00'),
(146, 29, 201, 1, 'Aula 201', 'Lunes 07:00-09:00'),
(147, 29, 202, 1, 'Aula 202', 'Martes 07:00-09:00'),
(148, 29, 203, 1, 'Aula 203', 'Lunes 07:00-09:00'),
(149, 29, 204, 1, 'Aula 204', 'Martes 07:00-09:00'),
(150, 29, 205, 1, 'Aula 205', 'Lunes 07:00-09:00'),
(151, 29, 206, 1, 'Aula 206', 'Martes 07:00-09:00'),
(152, 29, 207, 1, 'Aula 207', 'Lunes 07:00-09:00'),
(153, 29, 208, 1, 'Aula 208', 'Martes 07:00-09:00'),
(154, 29, 209, 1, 'Aula 209', 'Lunes 07:00-09:00'),
(155, 30, 201, 1, 'Aula 201', 'Lunes 07:00-09:00'),
(156, 30, 202, 1, 'Aula 202', 'Martes 07:00-09:00'),
(157, 30, 203, 1, 'Aula 203', 'Lunes 07:00-09:00'),
(158, 30, 204, 1, 'Aula 204', 'Martes 07:00-09:00'),
(159, 30, 205, 1, 'Aula 205', 'Lunes 07:00-09:00'),
(160, 30, 206, 1, 'Aula 206', 'Martes 07:00-09:00'),
(161, 30, 207, 1, 'Aula 207', 'Lunes 07:00-09:00'),
(162, 30, 208, 1, 'Aula 208', 'Martes 07:00-09:00'),
(163, 30, 209, 1, 'Aula 209', 'Lunes 07:00-09:00'),
(164, 31, 201, 1, 'Aula 201', 'Lunes 07:00-09:00'),
(165, 31, 202, 1, 'Aula 202', 'Martes 07:00-09:00'),
(166, 31, 203, 1, 'Aula 203', 'Lunes 07:00-09:00'),
(167, 31, 204, 1, 'Aula 204', 'Martes 07:00-09:00'),
(168, 31, 205, 1, 'Aula 205', 'Lunes 07:00-09:00'),
(169, 31, 206, 1, 'Aula 206', 'Martes 07:00-09:00'),
(170, 31, 207, 1, 'Aula 207', 'Lunes 07:00-09:00'),
(171, 31, 208, 1, 'Aula 208', 'Martes 07:00-09:00'),
(172, 31, 209, 1, 'Aula 209', 'Lunes 07:00-09:00'),
(173, 32, 201, 1, 'Aula 201', 'Lunes 07:00-09:00'),
(174, 32, 202, 1, 'Aula 202', 'Martes 07:00-09:00'),
(175, 32, 203, 1, 'Aula 203', 'Lunes 07:00-09:00'),
(176, 32, 204, 1, 'Aula 204', 'Martes 07:00-09:00'),
(177, 32, 205, 1, 'Aula 205', 'Lunes 07:00-09:00'),
(178, 32, 206, 1, 'Aula 206', 'Martes 07:00-09:00'),
(179, 32, 207, 1, 'Aula 207', 'Lunes 07:00-09:00'),
(180, 32, 208, 1, 'Aula 208', 'Martes 07:00-09:00'),
(181, 32, 209, 1, 'Aula 209', 'Lunes 07:00-09:00'),
(182, 33, 201, 1, 'Aula 201', 'Lunes 07:00-09:00'),
(183, 33, 202, 1, 'Aula 202', 'Martes 07:00-09:00'),
(184, 33, 203, 1, 'Aula 203', 'Lunes 07:00-09:00'),
(185, 33, 204, 1, 'Aula 204', 'Martes 07:00-09:00'),
(186, 33, 205, 1, 'Aula 205', 'Lunes 07:00-09:00'),
(187, 33, 206, 1, 'Aula 206', 'Martes 07:00-09:00'),
(188, 33, 207, 1, 'Aula 207', 'Lunes 07:00-09:00'),
(189, 33, 208, 1, 'Aula 208', 'Martes 07:00-09:00'),
(190, 33, 209, 1, 'Aula 209', 'Lunes 07:00-09:00'),
(191, 34, 201, 1, 'Aula 201', 'Lunes 07:00-09:00'),
(192, 34, 202, 1, 'Aula 202', 'Martes 07:00-09:00'),
(193, 34, 203, 1, 'Aula 203', 'Lunes 07:00-09:00'),
(194, 34, 204, 1, 'Aula 204', 'Martes 07:00-09:00'),
(195, 34, 205, 1, 'Aula 205', 'Lunes 07:00-09:00'),
(196, 34, 206, 1, 'Aula 206', 'Martes 07:00-09:00'),
(197, 34, 207, 1, 'Aula 207', 'Lunes 07:00-09:00'),
(198, 34, 208, 1, 'Aula 208', 'Martes 07:00-09:00'),
(199, 34, 209, 1, 'Aula 209', 'Lunes 07:00-09:00'),
(200, 35, 201, 1, 'Aula 201', 'Lunes 07:00-09:00'),
(201, 35, 202, 1, 'Aula 202', 'Martes 07:00-09:00'),
(202, 35, 203, 1, 'Aula 203', 'Lunes 07:00-09:00'),
(203, 35, 204, 1, 'Aula 204', 'Martes 07:00-09:00'),
(204, 35, 205, 1, 'Aula 205', 'Lunes 07:00-09:00'),
(205, 35, 206, 1, 'Aula 206', 'Martes 07:00-09:00'),
(206, 35, 207, 1, 'Aula 207', 'Lunes 07:00-09:00'),
(207, 35, 208, 1, 'Aula 208', 'Martes 07:00-09:00'),
(208, 35, 209, 1, 'Aula 209', 'Lunes 07:00-09:00'),
(209, 36, 201, 1, 'Aula 201', 'Lunes 07:00-09:00'),
(210, 36, 202, 1, 'Aula 202', 'Martes 07:00-09:00'),
(211, 36, 203, 1, 'Aula 203', 'Lunes 07:00-09:00'),
(212, 36, 204, 1, 'Aula 204', 'Martes 07:00-09:00'),
(213, 36, 205, 1, 'Aula 205', 'Lunes 07:00-09:00'),
(214, 36, 206, 1, 'Aula 206', 'Martes 07:00-09:00'),
(215, 36, 207, 1, 'Aula 207', 'Lunes 07:00-09:00'),
(216, 36, 208, 1, 'Aula 208', 'Martes 07:00-09:00'),
(217, 36, 209, 1, 'Aula 209', 'Lunes 07:00-09:00'),
(218, 49, 301, 1, 'Aula 301', 'Lunes 07:00-09:00'),
(219, 49, 302, 1, 'Aula 302', 'Martes 07:00-09:00'),
(220, 49, 303, 1, 'Aula 303', 'Lunes 07:00-09:00'),
(221, 49, 304, 1, 'Aula 304', 'Martes 07:00-09:00'),
(222, 49, 305, 1, 'Aula 305', 'Lunes 07:00-09:00'),
(223, 49, 306, 1, 'Aula 306', 'Martes 07:00-09:00'),
(224, 49, 307, 1, 'Aula 307', 'Lunes 07:00-09:00'),
(225, 49, 308, 1, 'Aula 308', 'Martes 07:00-09:00'),
(226, 49, 309, 1, 'Aula 309', 'Lunes 07:00-09:00'),
(227, 49, 310, 1, 'Aula 310', 'Martes 07:00-09:00'),
(228, 50, 301, 1, 'Aula 301', 'Lunes 07:00-09:00'),
(229, 50, 302, 1, 'Aula 302', 'Martes 07:00-09:00'),
(230, 50, 303, 1, 'Aula 303', 'Lunes 07:00-09:00'),
(231, 50, 304, 1, 'Aula 304', 'Martes 07:00-09:00'),
(232, 50, 305, 1, 'Aula 305', 'Lunes 07:00-09:00'),
(233, 50, 306, 1, 'Aula 306', 'Martes 07:00-09:00'),
(234, 50, 307, 1, 'Aula 307', 'Lunes 07:00-09:00'),
(235, 50, 308, 1, 'Aula 308', 'Martes 07:00-09:00'),
(236, 50, 309, 1, 'Aula 309', 'Lunes 07:00-09:00'),
(237, 50, 310, 1, 'Aula 310', 'Martes 07:00-09:00'),
(238, 51, 301, 1, 'Aula 301', 'Lunes 07:00-09:00'),
(239, 51, 302, 1, 'Aula 302', 'Martes 07:00-09:00'),
(240, 51, 303, 1, 'Aula 303', 'Lunes 07:00-09:00'),
(241, 51, 304, 1, 'Aula 304', 'Martes 07:00-09:00'),
(242, 51, 305, 1, 'Aula 305', 'Lunes 07:00-09:00'),
(243, 51, 306, 1, 'Aula 306', 'Martes 07:00-09:00'),
(244, 51, 307, 1, 'Aula 307', 'Lunes 07:00-09:00'),
(245, 51, 308, 1, 'Aula 308', 'Martes 07:00-09:00'),
(246, 51, 309, 1, 'Aula 309', 'Lunes 07:00-09:00'),
(247, 51, 310, 1, 'Aula 310', 'Martes 07:00-09:00'),
(248, 52, 301, 1, 'Aula 301', 'Lunes 07:00-09:00'),
(249, 52, 302, 1, 'Aula 302', 'Martes 07:00-09:00'),
(250, 52, 303, 1, 'Aula 303', 'Lunes 07:00-09:00'),
(251, 52, 304, 1, 'Aula 304', 'Martes 07:00-09:00'),
(252, 52, 305, 1, 'Aula 305', 'Lunes 07:00-09:00'),
(253, 52, 306, 1, 'Aula 306', 'Martes 07:00-09:00'),
(254, 52, 307, 1, 'Aula 307', 'Lunes 07:00-09:00'),
(255, 52, 308, 1, 'Aula 308', 'Martes 07:00-09:00'),
(256, 52, 309, 1, 'Aula 309', 'Lunes 07:00-09:00'),
(257, 52, 310, 1, 'Aula 310', 'Martes 07:00-09:00'),
(258, 53, 301, 1, 'Aula 301', 'Lunes 07:00-09:00'),
(259, 53, 302, 1, 'Aula 302', 'Martes 07:00-09:00'),
(260, 53, 303, 1, 'Aula 303', 'Lunes 07:00-09:00'),
(261, 53, 304, 1, 'Aula 304', 'Martes 07:00-09:00'),
(262, 53, 305, 1, 'Aula 305', 'Lunes 07:00-09:00'),
(263, 53, 306, 1, 'Aula 306', 'Martes 07:00-09:00'),
(264, 53, 307, 1, 'Aula 307', 'Lunes 07:00-09:00'),
(265, 53, 308, 1, 'Aula 308', 'Martes 07:00-09:00'),
(266, 53, 309, 1, 'Aula 309', 'Lunes 07:00-09:00'),
(267, 53, 310, 1, 'Aula 310', 'Martes 07:00-09:00'),
(268, 54, 301, 1, 'Aula 301', 'Lunes 07:00-09:00'),
(269, 54, 302, 1, 'Aula 302', 'Martes 07:00-09:00'),
(270, 54, 303, 1, 'Aula 303', 'Lunes 07:00-09:00'),
(271, 54, 304, 1, 'Aula 304', 'Martes 07:00-09:00'),
(272, 54, 305, 1, 'Aula 305', 'Lunes 07:00-09:00'),
(273, 54, 306, 1, 'Aula 306', 'Martes 07:00-09:00'),
(274, 54, 307, 1, 'Aula 307', 'Lunes 07:00-09:00'),
(275, 54, 308, 1, 'Aula 308', 'Martes 07:00-09:00'),
(276, 54, 309, 1, 'Aula 309', 'Lunes 07:00-09:00'),
(277, 54, 310, 1, 'Aula 310', 'Martes 07:00-09:00'),
(278, 55, 301, 1, 'Aula 301', 'Lunes 07:00-09:00'),
(279, 55, 302, 1, 'Aula 302', 'Martes 07:00-09:00'),
(280, 55, 303, 1, 'Aula 303', 'Lunes 07:00-09:00'),
(281, 55, 304, 1, 'Aula 304', 'Martes 07:00-09:00'),
(282, 55, 305, 1, 'Aula 305', 'Lunes 07:00-09:00'),
(283, 55, 306, 1, 'Aula 306', 'Martes 07:00-09:00'),
(284, 55, 307, 1, 'Aula 307', 'Lunes 07:00-09:00'),
(285, 55, 308, 1, 'Aula 308', 'Martes 07:00-09:00'),
(286, 55, 309, 1, 'Aula 309', 'Lunes 07:00-09:00'),
(287, 55, 310, 1, 'Aula 310', 'Martes 07:00-09:00'),
(288, 56, 301, 1, 'Aula 301', 'Lunes 07:00-09:00'),
(289, 56, 302, 1, 'Aula 302', 'Martes 07:00-09:00'),
(290, 56, 303, 1, 'Aula 303', 'Lunes 07:00-09:00'),
(291, 56, 304, 1, 'Aula 304', 'Martes 07:00-09:00'),
(292, 56, 305, 1, 'Aula 305', 'Lunes 07:00-09:00'),
(293, 56, 306, 1, 'Aula 306', 'Martes 07:00-09:00'),
(294, 56, 307, 1, 'Aula 307', 'Lunes 07:00-09:00'),
(295, 56, 308, 1, 'Aula 308', 'Martes 07:00-09:00'),
(296, 56, 309, 1, 'Aula 309', 'Lunes 07:00-09:00'),
(297, 56, 310, 1, 'Aula 310', 'Martes 07:00-09:00'),
(298, 57, 301, 1, 'Aula 301', 'Lunes 07:00-09:00'),
(299, 57, 302, 1, 'Aula 302', 'Martes 07:00-09:00'),
(300, 57, 303, 1, 'Aula 303', 'Lunes 07:00-09:00'),
(301, 57, 304, 1, 'Aula 304', 'Martes 07:00-09:00'),
(302, 57, 305, 1, 'Aula 305', 'Lunes 07:00-09:00'),
(303, 57, 306, 1, 'Aula 306', 'Martes 07:00-09:00'),
(304, 57, 307, 1, 'Aula 307', 'Lunes 07:00-09:00'),
(305, 57, 308, 1, 'Aula 308', 'Martes 07:00-09:00'),
(306, 57, 309, 1, 'Aula 309', 'Lunes 07:00-09:00'),
(307, 57, 310, 1, 'Aula 310', 'Martes 07:00-09:00'),
(308, 58, 301, 1, 'Aula 301', 'Lunes 07:00-09:00'),
(309, 58, 302, 1, 'Aula 302', 'Martes 07:00-09:00'),
(310, 58, 303, 1, 'Aula 303', 'Lunes 07:00-09:00'),
(311, 58, 304, 1, 'Aula 304', 'Martes 07:00-09:00'),
(312, 58, 305, 1, 'Aula 305', 'Lunes 07:00-09:00'),
(313, 58, 306, 1, 'Aula 306', 'Martes 07:00-09:00'),
(314, 58, 307, 1, 'Aula 307', 'Lunes 07:00-09:00'),
(315, 58, 308, 1, 'Aula 308', 'Martes 07:00-09:00'),
(316, 58, 309, 1, 'Aula 309', 'Lunes 07:00-09:00'),
(317, 58, 310, 1, 'Aula 310', 'Martes 07:00-09:00'),
(318, 59, 301, 1, 'Aula 301', 'Lunes 07:00-09:00'),
(319, 59, 302, 1, 'Aula 302', 'Martes 07:00-09:00'),
(320, 59, 303, 1, 'Aula 303', 'Lunes 07:00-09:00'),
(321, 59, 304, 1, 'Aula 304', 'Martes 07:00-09:00'),
(322, 59, 305, 1, 'Aula 305', 'Lunes 07:00-09:00'),
(323, 59, 306, 1, 'Aula 306', 'Martes 07:00-09:00'),
(324, 59, 307, 1, 'Aula 307', 'Lunes 07:00-09:00'),
(325, 59, 308, 1, 'Aula 308', 'Martes 07:00-09:00'),
(326, 59, 309, 1, 'Aula 309', 'Lunes 07:00-09:00'),
(327, 59, 310, 1, 'Aula 310', 'Martes 07:00-09:00'),
(328, 60, 301, 1, 'Aula 301', 'Lunes 07:00-09:00'),
(329, 60, 302, 1, 'Aula 302', 'Martes 07:00-09:00'),
(330, 60, 303, 1, 'Aula 303', 'Lunes 07:00-09:00'),
(331, 60, 304, 1, 'Aula 304', 'Martes 07:00-09:00'),
(332, 60, 305, 1, 'Aula 305', 'Lunes 07:00-09:00'),
(333, 60, 306, 1, 'Aula 306', 'Martes 07:00-09:00'),
(334, 60, 307, 1, 'Aula 307', 'Lunes 07:00-09:00'),
(335, 60, 308, 1, 'Aula 308', 'Martes 07:00-09:00'),
(336, 60, 309, 1, 'Aula 309', 'Lunes 07:00-09:00'),
(337, 60, 310, 1, 'Aula 310', 'Martes 07:00-09:00'),
(338, 73, 401, 1, 'Aula 401', 'Lunes 07:00-09:00'),
(339, 73, 402, 1, 'Aula 402', 'Martes 07:00-09:00'),
(340, 73, 403, 1, 'Aula 403', 'Lunes 07:00-09:00'),
(341, 73, 404, 1, 'Aula 404', 'Martes 07:00-09:00'),
(342, 73, 405, 1, 'Aula 405', 'Lunes 07:00-09:00'),
(343, 73, 406, 1, 'Aula 406', 'Martes 07:00-09:00'),
(344, 73, 407, 1, 'Aula 407', 'Lunes 07:00-09:00'),
(345, 73, 408, 1, 'Aula 408', 'Martes 07:00-09:00'),
(346, 73, 409, 1, 'Aula 409', 'Lunes 07:00-09:00'),
(347, 74, 401, 1, 'Aula 401', 'Lunes 07:00-09:00'),
(348, 74, 402, 1, 'Aula 402', 'Martes 07:00-09:00'),
(349, 74, 403, 1, 'Aula 403', 'Lunes 07:00-09:00'),
(350, 74, 404, 1, 'Aula 404', 'Martes 07:00-09:00'),
(351, 74, 405, 1, 'Aula 405', 'Lunes 07:00-09:00'),
(352, 74, 406, 1, 'Aula 406', 'Martes 07:00-09:00'),
(353, 74, 407, 1, 'Aula 407', 'Lunes 07:00-09:00'),
(354, 74, 408, 1, 'Aula 408', 'Martes 07:00-09:00'),
(355, 74, 409, 1, 'Aula 409', 'Lunes 07:00-09:00'),
(356, 75, 401, 1, 'Aula 401', 'Lunes 07:00-09:00'),
(357, 75, 402, 1, 'Aula 402', 'Martes 07:00-09:00'),
(358, 75, 403, 1, 'Aula 403', 'Lunes 07:00-09:00'),
(359, 75, 404, 1, 'Aula 404', 'Martes 07:00-09:00'),
(360, 75, 405, 1, 'Aula 405', 'Lunes 07:00-09:00'),
(361, 75, 406, 1, 'Aula 406', 'Martes 07:00-09:00'),
(362, 75, 407, 1, 'Aula 407', 'Lunes 07:00-09:00'),
(363, 75, 408, 1, 'Aula 408', 'Martes 07:00-09:00'),
(364, 75, 409, 1, 'Aula 409', 'Lunes 07:00-09:00'),
(365, 76, 401, 1, 'Aula 401', 'Lunes 07:00-09:00'),
(366, 76, 402, 1, 'Aula 402', 'Martes 07:00-09:00'),
(367, 76, 403, 1, 'Aula 403', 'Lunes 07:00-09:00'),
(368, 76, 404, 1, 'Aula 404', 'Martes 07:00-09:00'),
(369, 76, 405, 1, 'Aula 405', 'Lunes 07:00-09:00'),
(370, 76, 406, 1, 'Aula 406', 'Martes 07:00-09:00'),
(371, 76, 407, 1, 'Aula 407', 'Lunes 07:00-09:00'),
(372, 76, 408, 1, 'Aula 408', 'Martes 07:00-09:00'),
(373, 76, 409, 1, 'Aula 409', 'Lunes 07:00-09:00'),
(374, 77, 401, 1, 'Aula 401', 'Lunes 07:00-09:00'),
(375, 77, 402, 1, 'Aula 402', 'Martes 07:00-09:00'),
(376, 77, 403, 1, 'Aula 403', 'Lunes 07:00-09:00'),
(377, 77, 404, 1, 'Aula 404', 'Martes 07:00-09:00'),
(378, 77, 405, 1, 'Aula 405', 'Lunes 07:00-09:00'),
(379, 77, 406, 1, 'Aula 406', 'Martes 07:00-09:00'),
(380, 77, 407, 1, 'Aula 407', 'Lunes 07:00-09:00'),
(381, 77, 408, 1, 'Aula 408', 'Martes 07:00-09:00'),
(382, 77, 409, 1, 'Aula 409', 'Lunes 07:00-09:00'),
(383, 78, 401, 1, 'Aula 401', 'Lunes 07:00-09:00'),
(384, 78, 402, 1, 'Aula 402', 'Martes 07:00-09:00'),
(385, 78, 403, 1, 'Aula 403', 'Lunes 07:00-09:00'),
(386, 78, 404, 1, 'Aula 404', 'Martes 07:00-09:00'),
(387, 78, 405, 1, 'Aula 405', 'Lunes 07:00-09:00'),
(388, 78, 406, 1, 'Aula 406', 'Martes 07:00-09:00'),
(389, 78, 407, 1, 'Aula 407', 'Lunes 07:00-09:00'),
(390, 78, 408, 1, 'Aula 408', 'Martes 07:00-09:00'),
(391, 78, 409, 1, 'Aula 409', 'Lunes 07:00-09:00'),
(392, 79, 401, 1, 'Aula 401', 'Lunes 07:00-09:00'),
(393, 79, 402, 1, 'Aula 402', 'Martes 07:00-09:00'),
(394, 79, 403, 1, 'Aula 403', 'Lunes 07:00-09:00'),
(395, 79, 404, 1, 'Aula 404', 'Martes 07:00-09:00'),
(396, 79, 405, 1, 'Aula 405', 'Lunes 07:00-09:00'),
(397, 79, 406, 1, 'Aula 406', 'Martes 07:00-09:00'),
(398, 79, 407, 1, 'Aula 407', 'Lunes 07:00-09:00'),
(399, 79, 408, 1, 'Aula 408', 'Martes 07:00-09:00'),
(400, 79, 409, 1, 'Aula 409', 'Lunes 07:00-09:00'),
(401, 80, 401, 1, 'Aula 401', 'Lunes 07:00-09:00'),
(402, 80, 402, 1, 'Aula 402', 'Martes 07:00-09:00'),
(403, 80, 403, 1, 'Aula 403', 'Lunes 07:00-09:00'),
(404, 80, 404, 1, 'Aula 404', 'Martes 07:00-09:00'),
(405, 80, 405, 1, 'Aula 405', 'Lunes 07:00-09:00'),
(406, 80, 406, 1, 'Aula 406', 'Martes 07:00-09:00'),
(407, 80, 407, 1, 'Aula 407', 'Lunes 07:00-09:00'),
(408, 80, 408, 1, 'Aula 408', 'Martes 07:00-09:00'),
(409, 80, 409, 1, 'Aula 409', 'Lunes 07:00-09:00'),
(410, 81, 401, 1, 'Aula 401', 'Lunes 07:00-09:00'),
(411, 81, 402, 1, 'Aula 402', 'Martes 07:00-09:00'),
(412, 81, 403, 1, 'Aula 403', 'Lunes 07:00-09:00'),
(413, 81, 404, 1, 'Aula 404', 'Martes 07:00-09:00'),
(414, 81, 405, 1, 'Aula 405', 'Lunes 07:00-09:00'),
(415, 81, 406, 1, 'Aula 406', 'Martes 07:00-09:00'),
(416, 81, 407, 1, 'Aula 407', 'Lunes 07:00-09:00'),
(417, 81, 408, 1, 'Aula 408', 'Martes 07:00-09:00'),
(418, 81, 409, 1, 'Aula 409', 'Lunes 07:00-09:00'),
(419, 82, 401, 1, 'Aula 401', 'Lunes 07:00-09:00'),
(420, 82, 402, 1, 'Aula 402', 'Martes 07:00-09:00'),
(421, 82, 403, 1, 'Aula 403', 'Lunes 07:00-09:00'),
(422, 82, 404, 1, 'Aula 404', 'Martes 07:00-09:00'),
(423, 82, 405, 1, 'Aula 405', 'Lunes 07:00-09:00'),
(424, 82, 406, 1, 'Aula 406', 'Martes 07:00-09:00'),
(425, 82, 407, 1, 'Aula 407', 'Lunes 07:00-09:00'),
(426, 82, 408, 1, 'Aula 408', 'Martes 07:00-09:00'),
(427, 82, 409, 1, 'Aula 409', 'Lunes 07:00-09:00'),
(428, 83, 401, 1, 'Aula 401', 'Lunes 07:00-09:00'),
(429, 83, 402, 1, 'Aula 402', 'Martes 07:00-09:00'),
(430, 83, 403, 1, 'Aula 403', 'Lunes 07:00-09:00'),
(431, 83, 404, 1, 'Aula 404', 'Martes 07:00-09:00'),
(432, 83, 405, 1, 'Aula 405', 'Lunes 07:00-09:00'),
(433, 83, 406, 1, 'Aula 406', 'Martes 07:00-09:00'),
(434, 83, 407, 1, 'Aula 407', 'Lunes 07:00-09:00'),
(435, 83, 408, 1, 'Aula 408', 'Martes 07:00-09:00'),
(436, 83, 409, 1, 'Aula 409', 'Lunes 07:00-09:00'),
(437, 84, 401, 1, 'Aula 401', 'Lunes 07:00-09:00'),
(438, 84, 402, 1, 'Aula 402', 'Martes 07:00-09:00'),
(439, 84, 403, 1, 'Aula 403', 'Lunes 07:00-09:00'),
(440, 84, 404, 1, 'Aula 404', 'Martes 07:00-09:00'),
(441, 84, 405, 1, 'Aula 405', 'Lunes 07:00-09:00'),
(442, 84, 406, 1, 'Aula 406', 'Martes 07:00-09:00'),
(443, 84, 407, 1, 'Aula 407', 'Lunes 07:00-09:00'),
(444, 84, 408, 1, 'Aula 408', 'Martes 07:00-09:00'),
(445, 84, 409, 1, 'Aula 409', 'Lunes 07:00-09:00'),
(446, 97, 501, 1, 'Aula 501', 'Lunes 07:00-09:00'),
(447, 97, 502, 1, 'Aula 502', 'Martes 07:00-09:00'),
(448, 97, 503, 1, 'Aula 503', 'Lunes 07:00-09:00'),
(449, 97, 504, 1, 'Aula 504', 'Martes 07:00-09:00'),
(450, 97, 505, 1, 'Aula 505', 'Lunes 07:00-09:00'),
(451, 97, 506, 4, 'Aula 506', 'Martes 07:00-09:00'),
(452, 97, 507, 1, 'Aula 507', 'Lunes 07:00-09:00'),
(453, 97, 508, 1, 'Aula 508', 'Martes 07:00-09:00'),
(454, 97, 509, 1, 'Aula 509', 'Lunes 07:00-09:00'),
(455, 98, 501, 1, 'Aula 501', 'Lunes 07:00-09:00'),
(456, 98, 502, 1, 'Aula 502', 'Martes 07:00-09:00'),
(457, 98, 503, 1, 'Aula 503', 'Lunes 07:00-09:00'),
(458, 98, 504, 1, 'Aula 504', 'Martes 07:00-09:00'),
(459, 98, 505, 1, 'Aula 505', 'Lunes 07:00-09:00'),
(460, 98, 506, 4, 'Aula 506', 'Martes 07:00-09:00'),
(461, 98, 507, 1, 'Aula 507', 'Lunes 07:00-09:00'),
(462, 98, 508, 1, 'Aula 508', 'Martes 07:00-09:00'),
(463, 98, 509, 1, 'Aula 509', 'Lunes 07:00-09:00'),
(464, 99, 501, 1, 'Aula 501', 'Lunes 07:00-09:00'),
(465, 99, 502, 1, 'Aula 502', 'Martes 07:00-09:00'),
(466, 99, 503, 1, 'Aula 503', 'Lunes 07:00-09:00'),
(467, 99, 504, 1, 'Aula 504', 'Martes 07:00-09:00'),
(468, 99, 505, 1, 'Aula 505', 'Lunes 07:00-09:00'),
(469, 99, 506, 4, 'Aula 506', 'Martes 07:00-09:00'),
(470, 99, 507, 1, 'Aula 507', 'Lunes 07:00-09:00'),
(471, 99, 508, 1, 'Aula 508', 'Martes 07:00-09:00'),
(472, 99, 509, 1, 'Aula 509', 'Lunes 07:00-09:00'),
(473, 100, 501, 1, 'Aula 501', 'Lunes 07:00-09:00'),
(474, 100, 502, 1, 'Aula 502', 'Martes 07:00-09:00'),
(475, 100, 503, 1, 'Aula 503', 'Lunes 07:00-09:00'),
(476, 100, 504, 1, 'Aula 504', 'Martes 07:00-09:00'),
(477, 100, 505, 1, 'Aula 505', 'Lunes 07:00-09:00'),
(478, 100, 506, 4, 'Aula 506', 'Martes 07:00-09:00'),
(479, 100, 507, 1, 'Aula 507', 'Lunes 07:00-09:00'),
(480, 100, 508, 1, 'Aula 508', 'Martes 07:00-09:00'),
(481, 100, 509, 1, 'Aula 509', 'Lunes 07:00-09:00'),
(482, 101, 501, 1, 'Aula 501', 'Lunes 07:00-09:00'),
(483, 101, 502, 1, 'Aula 502', 'Martes 07:00-09:00'),
(484, 101, 503, 1, 'Aula 503', 'Lunes 07:00-09:00'),
(485, 101, 504, 1, 'Aula 504', 'Martes 07:00-09:00'),
(486, 101, 505, 1, 'Aula 505', 'Lunes 07:00-09:00'),
(487, 101, 506, 4, 'Aula 506', 'Martes 07:00-09:00'),
(488, 101, 507, 1, 'Aula 507', 'Lunes 07:00-09:00'),
(489, 101, 508, 1, 'Aula 508', 'Martes 07:00-09:00'),
(490, 101, 509, 1, 'Aula 509', 'Lunes 07:00-09:00'),
(491, 102, 501, 1, 'Aula 501', 'Lunes 07:00-09:00'),
(492, 102, 502, 1, 'Aula 502', 'Martes 07:00-09:00'),
(493, 102, 503, 1, 'Aula 503', 'Lunes 07:00-09:00'),
(494, 102, 504, 1, 'Aula 504', 'Martes 07:00-09:00'),
(495, 102, 505, 1, 'Aula 505', 'Lunes 07:00-09:00'),
(496, 102, 506, 4, 'Aula 506', 'Martes 07:00-09:00'),
(497, 102, 507, 1, 'Aula 507', 'Lunes 07:00-09:00'),
(498, 102, 508, 1, 'Aula 508', 'Martes 07:00-09:00'),
(499, 102, 509, 1, 'Aula 509', 'Lunes 07:00-09:00'),
(500, 103, 501, 1, 'Aula 501', 'Lunes 07:00-09:00'),
(501, 103, 502, 1, 'Aula 502', 'Martes 07:00-09:00'),
(502, 103, 503, 1, 'Aula 503', 'Lunes 07:00-09:00'),
(503, 103, 504, 1, 'Aula 504', 'Martes 07:00-09:00'),
(504, 103, 505, 1, 'Aula 505', 'Lunes 07:00-09:00'),
(505, 103, 506, 4, 'Aula 506', 'Martes 07:00-09:00'),
(506, 103, 507, 1, 'Aula 507', 'Lunes 07:00-09:00'),
(507, 103, 508, 1, 'Aula 508', 'Martes 07:00-09:00'),
(508, 103, 509, 1, 'Aula 509', 'Lunes 07:00-09:00'),
(509, 104, 501, 1, 'Aula 501', 'Lunes 07:00-09:00'),
(510, 104, 502, 1, 'Aula 502', 'Martes 07:00-09:00'),
(511, 104, 503, 1, 'Aula 503', 'Lunes 07:00-09:00'),
(512, 104, 504, 1, 'Aula 504', 'Martes 07:00-09:00'),
(513, 104, 505, 1, 'Aula 505', 'Lunes 07:00-09:00'),
(514, 104, 506, 4, 'Aula 506', 'Martes 07:00-09:00'),
(515, 104, 507, 1, 'Aula 507', 'Lunes 07:00-09:00'),
(516, 104, 508, 1, 'Aula 508', 'Martes 07:00-09:00'),
(517, 104, 509, 1, 'Aula 509', 'Lunes 07:00-09:00'),
(518, 105, 501, 1, 'Aula 501', 'Lunes 07:00-09:00'),
(519, 105, 502, 1, 'Aula 502', 'Martes 07:00-09:00'),
(520, 105, 503, 1, 'Aula 503', 'Lunes 07:00-09:00'),
(521, 105, 504, 1, 'Aula 504', 'Martes 07:00-09:00'),
(522, 105, 505, 1, 'Aula 505', 'Lunes 07:00-09:00'),
(523, 105, 506, 4, 'Aula 506', 'Martes 07:00-09:00'),
(524, 105, 507, 1, 'Aula 507', 'Lunes 07:00-09:00'),
(525, 105, 508, 1, 'Aula 508', 'Martes 07:00-09:00'),
(526, 105, 509, 1, 'Aula 509', 'Lunes 07:00-09:00'),
(527, 106, 501, 1, 'Aula 501', 'Lunes 07:00-09:00'),
(528, 106, 502, 1, 'Aula 502', 'Martes 07:00-09:00'),
(529, 106, 503, 1, 'Aula 503', 'Lunes 07:00-09:00'),
(530, 106, 504, 1, 'Aula 504', 'Martes 07:00-09:00'),
(531, 106, 505, 1, 'Aula 505', 'Lunes 07:00-09:00'),
(532, 106, 506, 4, 'Aula 506', 'Martes 07:00-09:00'),
(533, 106, 507, 1, 'Aula 507', 'Lunes 07:00-09:00'),
(534, 106, 508, 1, 'Aula 508', 'Martes 07:00-09:00'),
(535, 106, 509, 1, 'Aula 509', 'Lunes 07:00-09:00'),
(536, 107, 501, 1, 'Aula 501', 'Lunes 07:00-09:00'),
(537, 107, 502, 1, 'Aula 502', 'Martes 07:00-09:00'),
(538, 107, 503, 1, 'Aula 503', 'Lunes 07:00-09:00'),
(539, 107, 504, 1, 'Aula 504', 'Martes 07:00-09:00'),
(540, 107, 505, 1, 'Aula 505', 'Lunes 07:00-09:00'),
(541, 107, 506, 4, 'Aula 506', 'Martes 07:00-09:00'),
(542, 107, 507, 1, 'Aula 507', 'Lunes 07:00-09:00'),
(543, 107, 508, 1, 'Aula 508', 'Martes 07:00-09:00'),
(544, 107, 509, 1, 'Aula 509', 'Lunes 07:00-09:00'),
(545, 108, 501, 1, 'Aula 501', 'Lunes 07:00-09:00'),
(546, 108, 502, 1, 'Aula 502', 'Martes 07:00-09:00'),
(547, 108, 503, 1, 'Aula 503', 'Lunes 07:00-09:00'),
(548, 108, 504, 1, 'Aula 504', 'Martes 07:00-09:00'),
(549, 108, 505, 1, 'Aula 505', 'Lunes 07:00-09:00'),
(550, 108, 506, 4, 'Aula 506', 'Martes 07:00-09:00'),
(551, 108, 507, 1, 'Aula 507', 'Lunes 07:00-09:00'),
(552, 108, 508, 1, 'Aula 508', 'Martes 07:00-09:00'),
(553, 108, 509, 1, 'Aula 509', 'Lunes 07:00-09:00'),
(554, 121, 601, 1, 'Aula 601', 'Lunes 07:00-09:00'),
(555, 121, 602, 2, 'Aula 602', 'Martes 07:00-09:00'),
(556, 121, 603, 3, 'Aula 603', 'Lunes 07:00-09:00'),
(557, 121, 604, 4, 'Aula 604', 'Martes 07:00-09:00'),
(558, 121, 605, 5, 'Aula 605', 'Lunes 07:00-09:00'),
(559, 121, 606, 6, 'Aula 606', 'Martes 07:00-09:00'),
(560, 121, 607, 7, 'Aula 607', 'Lunes 07:00-09:00'),
(561, 121, 608, 5, 'Aula 608', 'Martes 07:00-09:00'),
(562, 122, 601, 1, 'Aula 601', 'Lunes 07:00-09:00'),
(563, 122, 602, 2, 'Aula 602', 'Martes 07:00-09:00'),
(564, 122, 603, 3, 'Aula 603', 'Lunes 07:00-09:00'),
(565, 122, 604, 4, 'Aula 604', 'Martes 07:00-09:00'),
(566, 122, 605, 5, 'Aula 605', 'Lunes 07:00-09:00'),
(567, 122, 606, 6, 'Aula 606', 'Martes 07:00-09:00'),
(568, 122, 607, 7, 'Aula 607', 'Lunes 07:00-09:00'),
(569, 122, 608, 5, 'Aula 608', 'Martes 07:00-09:00'),
(570, 123, 601, 1, 'Aula 601', 'Lunes 07:00-09:00'),
(571, 123, 602, 2, 'Aula 602', 'Martes 07:00-09:00'),
(572, 123, 603, 3, 'Aula 603', 'Lunes 07:00-09:00'),
(573, 123, 604, 4, 'Aula 604', 'Martes 07:00-09:00'),
(574, 123, 605, 5, 'Aula 605', 'Lunes 07:00-09:00'),
(575, 123, 606, 6, 'Aula 606', 'Martes 07:00-09:00'),
(576, 123, 607, 7, 'Aula 607', 'Lunes 07:00-09:00'),
(577, 123, 608, 5, 'Aula 608', 'Martes 07:00-09:00'),
(578, 124, 601, 1, 'Aula 601', 'Lunes 07:00-09:00'),
(579, 124, 602, 2, 'Aula 602', 'Martes 07:00-09:00'),
(580, 124, 603, 3, 'Aula 603', 'Lunes 07:00-09:00'),
(581, 124, 604, 4, 'Aula 604', 'Martes 07:00-09:00'),
(582, 124, 605, 5, 'Aula 605', 'Lunes 07:00-09:00'),
(583, 124, 606, 6, 'Aula 606', 'Martes 07:00-09:00'),
(584, 124, 607, 7, 'Aula 607', 'Lunes 07:00-09:00'),
(585, 124, 608, 5, 'Aula 608', 'Martes 07:00-09:00'),
(586, 125, 601, 1, 'Aula 601', 'Lunes 07:00-09:00'),
(587, 125, 602, 2, 'Aula 602', 'Martes 07:00-09:00'),
(588, 125, 603, 3, 'Aula 603', 'Lunes 07:00-09:00'),
(589, 125, 604, 4, 'Aula 604', 'Martes 07:00-09:00'),
(590, 125, 605, 5, 'Aula 605', 'Lunes 07:00-09:00'),
(591, 125, 606, 6, 'Aula 606', 'Martes 07:00-09:00'),
(592, 125, 607, 7, 'Aula 607', 'Lunes 07:00-09:00'),
(593, 125, 608, 5, 'Aula 608', 'Martes 07:00-09:00'),
(594, 126, 601, 1, 'Aula 601', 'Lunes 07:00-09:00'),
(595, 126, 602, 2, 'Aula 602', 'Martes 07:00-09:00'),
(596, 126, 603, 3, 'Aula 603', 'Lunes 07:00-09:00'),
(597, 126, 604, 4, 'Aula 604', 'Martes 07:00-09:00'),
(598, 126, 605, 5, 'Aula 605', 'Lunes 07:00-09:00'),
(599, 126, 606, 6, 'Aula 606', 'Martes 07:00-09:00'),
(600, 126, 607, 7, 'Aula 607', 'Lunes 07:00-09:00'),
(601, 126, 608, 5, 'Aula 608', 'Martes 07:00-09:00'),
(602, 127, 601, 1, 'Aula 601', 'Lunes 07:00-09:00'),
(603, 127, 602, 2, 'Aula 602', 'Martes 07:00-09:00'),
(604, 127, 603, 3, 'Aula 603', 'Lunes 07:00-09:00'),
(605, 127, 604, 4, 'Aula 604', 'Martes 07:00-09:00'),
(606, 127, 605, 5, 'Aula 605', 'Lunes 07:00-09:00'),
(607, 127, 606, 6, 'Aula 606', 'Martes 07:00-09:00'),
(608, 127, 607, 7, 'Aula 607', 'Lunes 07:00-09:00'),
(609, 127, 608, 5, 'Aula 608', 'Martes 07:00-09:00'),
(610, 128, 601, 1, 'Aula 601', 'Lunes 07:00-09:00'),
(611, 128, 602, 2, 'Aula 602', 'Martes 07:00-09:00'),
(612, 128, 603, 3, 'Aula 603', 'Lunes 07:00-09:00'),
(613, 128, 604, 4, 'Aula 604', 'Martes 07:00-09:00'),
(614, 128, 605, 5, 'Aula 605', 'Lunes 07:00-09:00'),
(615, 128, 606, 6, 'Aula 606', 'Martes 07:00-09:00'),
(616, 128, 607, 7, 'Aula 607', 'Lunes 07:00-09:00'),
(617, 128, 608, 5, 'Aula 608', 'Martes 07:00-09:00'),
(618, 129, 601, 1, 'Aula 601', 'Lunes 07:00-09:00'),
(619, 129, 602, 2, 'Aula 602', 'Martes 07:00-09:00'),
(620, 129, 603, 3, 'Aula 603', 'Lunes 07:00-09:00'),
(621, 129, 604, 4, 'Aula 604', 'Martes 07:00-09:00'),
(622, 129, 605, 5, 'Aula 605', 'Lunes 07:00-09:00'),
(623, 129, 606, 6, 'Aula 606', 'Martes 07:00-09:00'),
(624, 129, 607, 7, 'Aula 607', 'Lunes 07:00-09:00'),
(625, 129, 608, 5, 'Aula 608', 'Martes 07:00-09:00'),
(626, 130, 601, 1, 'Aula 601', 'Lunes 07:00-09:00'),
(627, 130, 602, 2, 'Aula 602', 'Martes 07:00-09:00'),
(628, 130, 603, 3, 'Aula 603', 'Lunes 07:00-09:00'),
(629, 130, 604, 4, 'Aula 604', 'Martes 07:00-09:00'),
(630, 130, 605, 5, 'Aula 605', 'Lunes 07:00-09:00'),
(631, 130, 606, 6, 'Aula 606', 'Martes 07:00-09:00'),
(632, 130, 607, 7, 'Aula 607', 'Lunes 07:00-09:00'),
(633, 130, 608, 5, 'Aula 608', 'Martes 07:00-09:00'),
(634, 131, 601, 1, 'Aula 601', 'Lunes 07:00-09:00'),
(635, 131, 602, 2, 'Aula 602', 'Martes 07:00-09:00'),
(636, 131, 603, 3, 'Aula 603', 'Lunes 07:00-09:00'),
(637, 131, 604, 4, 'Aula 604', 'Martes 07:00-09:00'),
(638, 131, 605, 5, 'Aula 605', 'Lunes 07:00-09:00'),
(639, 131, 606, 6, 'Aula 606', 'Martes 07:00-09:00'),
(640, 131, 607, 7, 'Aula 607', 'Lunes 07:00-09:00'),
(641, 131, 608, 5, 'Aula 608', 'Martes 07:00-09:00'),
(642, 132, 601, 1, 'Aula 601', 'Lunes 07:00-09:00'),
(643, 132, 602, 2, 'Aula 602', 'Martes 07:00-09:00'),
(644, 132, 603, 3, 'Aula 603', 'Lunes 07:00-09:00'),
(645, 132, 604, 4, 'Aula 604', 'Martes 07:00-09:00'),
(646, 132, 605, 5, 'Aula 605', 'Lunes 07:00-09:00'),
(647, 132, 606, 6, 'Aula 606', 'Martes 07:00-09:00'),
(648, 132, 607, 7, 'Aula 607', 'Lunes 07:00-09:00'),
(649, 132, 608, 5, 'Aula 608', 'Martes 07:00-09:00'),
(650, 133, 601, 1, 'Aula 601', 'Lunes 07:00-09:00'),
(651, 133, 602, 2, 'Aula 602', 'Martes 07:00-09:00'),
(652, 133, 603, 3, 'Aula 603', 'Lunes 07:00-09:00'),
(653, 133, 604, 4, 'Aula 604', 'Martes 07:00-09:00'),
(654, 133, 605, 5, 'Aula 605', 'Lunes 07:00-09:00'),
(655, 133, 606, 6, 'Aula 606', 'Martes 07:00-09:00'),
(656, 133, 607, 7, 'Aula 607', 'Lunes 07:00-09:00'),
(657, 133, 608, 5, 'Aula 608', 'Martes 07:00-09:00'),
(1025, 13, 101, 1, 'Aula 101', 'Lunes 15:00-17:00'),
(1026, 13, 102, 4, 'Aula 102', 'Martes 15:00-17:00'),
(1027, 13, 103, 1, 'Aula 103', 'Lunes 15:00-17:00'),
(1028, 13, 104, 1, 'Aula 104', 'Martes 15:00-17:00'),
(1029, 13, 105, 1, 'Aula 105', 'Lunes 15:00-17:00'),
(1030, 13, 106, 1, 'Aula 106', 'Martes 15:00-17:00'),
(1031, 13, 107, 1, 'Aula 107', 'Lunes 15:00-17:00'),
(1032, 13, 108, 1, 'Aula 108', 'Martes 15:00-17:00'),
(1033, 13, 109, 1, 'Aula 109', 'Lunes 15:00-17:00'),
(1034, 14, 101, 1, 'Aula 101', 'Lunes 15:00-17:00'),
(1035, 14, 102, 4, 'Aula 102', 'Martes 15:00-17:00'),
(1036, 14, 103, 1, 'Aula 103', 'Lunes 15:00-17:00'),
(1037, 14, 104, 1, 'Aula 104', 'Martes 15:00-17:00'),
(1038, 14, 105, 1, 'Aula 105', 'Lunes 15:00-17:00'),
(1039, 14, 106, 1, 'Aula 106', 'Martes 15:00-17:00'),
(1040, 14, 107, 1, 'Aula 107', 'Lunes 15:00-17:00'),
(1041, 14, 108, 1, 'Aula 108', 'Martes 15:00-17:00'),
(1042, 14, 109, 1, 'Aula 109', 'Lunes 15:00-17:00'),
(1043, 15, 101, 1, 'Aula 101', 'Lunes 15:00-17:00'),
(1044, 15, 102, 4, 'Aula 102', 'Martes 15:00-17:00'),
(1045, 15, 103, 1, 'Aula 103', 'Lunes 15:00-17:00'),
(1046, 15, 104, 1, 'Aula 104', 'Martes 15:00-17:00'),
(1047, 15, 105, 1, 'Aula 105', 'Lunes 15:00-17:00'),
(1048, 15, 106, 1, 'Aula 106', 'Martes 15:00-17:00'),
(1049, 15, 107, 1, 'Aula 107', 'Lunes 15:00-17:00'),
(1050, 15, 108, 1, 'Aula 108', 'Martes 15:00-17:00'),
(1051, 15, 109, 1, 'Aula 109', 'Lunes 15:00-17:00'),
(1052, 16, 101, 1, 'Aula 101', 'Lunes 15:00-17:00'),
(1053, 16, 102, 4, 'Aula 102', 'Martes 15:00-17:00'),
(1054, 16, 103, 1, 'Aula 103', 'Lunes 15:00-17:00'),
(1055, 16, 104, 1, 'Aula 104', 'Martes 15:00-17:00'),
(1056, 16, 105, 1, 'Aula 105', 'Lunes 15:00-17:00'),
(1057, 16, 106, 1, 'Aula 106', 'Martes 15:00-17:00'),
(1058, 16, 107, 1, 'Aula 107', 'Lunes 15:00-17:00'),
(1059, 16, 108, 1, 'Aula 108', 'Martes 15:00-17:00'),
(1060, 16, 109, 1, 'Aula 109', 'Lunes 15:00-17:00'),
(1061, 17, 101, 1, 'Aula 101', 'Lunes 15:00-17:00'),
(1062, 17, 102, 4, 'Aula 102', 'Martes 15:00-17:00'),
(1063, 17, 103, 1, 'Aula 103', 'Lunes 15:00-17:00'),
(1064, 17, 104, 1, 'Aula 104', 'Martes 15:00-17:00'),
(1065, 17, 105, 1, 'Aula 105', 'Lunes 15:00-17:00'),
(1066, 17, 106, 1, 'Aula 106', 'Martes 15:00-17:00'),
(1067, 17, 107, 1, 'Aula 107', 'Lunes 15:00-17:00'),
(1068, 17, 108, 1, 'Aula 108', 'Martes 15:00-17:00'),
(1069, 17, 109, 1, 'Aula 109', 'Lunes 15:00-17:00'),
(1070, 18, 101, 1, 'Aula 101', 'Lunes 15:00-17:00'),
(1071, 18, 102, 4, 'Aula 102', 'Martes 15:00-17:00'),
(1072, 18, 103, 1, 'Aula 103', 'Lunes 15:00-17:00'),
(1073, 18, 104, 1, 'Aula 104', 'Martes 15:00-17:00'),
(1074, 18, 105, 1, 'Aula 105', 'Lunes 15:00-17:00'),
(1075, 18, 106, 1, 'Aula 106', 'Martes 15:00-17:00'),
(1076, 18, 107, 1, 'Aula 107', 'Lunes 15:00-17:00'),
(1077, 18, 108, 1, 'Aula 108', 'Martes 15:00-17:00'),
(1078, 18, 109, 1, 'Aula 109', 'Lunes 15:00-17:00'),
(1079, 19, 101, 1, 'Aula 101', 'Lunes 15:00-17:00'),
(1080, 19, 102, 4, 'Aula 102', 'Martes 15:00-17:00'),
(1081, 19, 103, 1, 'Aula 103', 'Lunes 15:00-17:00'),
(1082, 19, 104, 1, 'Aula 104', 'Martes 15:00-17:00'),
(1083, 19, 105, 1, 'Aula 105', 'Lunes 15:00-17:00'),
(1084, 19, 106, 1, 'Aula 106', 'Martes 15:00-17:00'),
(1085, 19, 107, 1, 'Aula 107', 'Lunes 15:00-17:00'),
(1086, 19, 108, 1, 'Aula 108', 'Martes 15:00-17:00'),
(1087, 19, 109, 1, 'Aula 109', 'Lunes 15:00-17:00'),
(1088, 20, 101, 1, 'Aula 101', 'Lunes 15:00-17:00'),
(1089, 20, 102, 4, 'Aula 102', 'Martes 15:00-17:00'),
(1090, 20, 103, 1, 'Aula 103', 'Lunes 15:00-17:00'),
(1091, 20, 104, 1, 'Aula 104', 'Martes 15:00-17:00'),
(1092, 20, 105, 1, 'Aula 105', 'Lunes 15:00-17:00'),
(1093, 20, 106, 1, 'Aula 106', 'Martes 15:00-17:00'),
(1094, 20, 107, 1, 'Aula 107', 'Lunes 15:00-17:00'),
(1095, 20, 108, 1, 'Aula 108', 'Martes 15:00-17:00'),
(1096, 20, 109, 1, 'Aula 109', 'Lunes 15:00-17:00'),
(1097, 21, 101, 1, 'Aula 101', 'Lunes 15:00-17:00'),
(1098, 21, 102, 4, 'Aula 102', 'Martes 15:00-17:00'),
(1099, 21, 103, 1, 'Aula 103', 'Lunes 15:00-17:00'),
(1100, 21, 104, 1, 'Aula 104', 'Martes 15:00-17:00'),
(1101, 21, 105, 1, 'Aula 105', 'Lunes 15:00-17:00'),
(1102, 21, 106, 1, 'Aula 106', 'Martes 15:00-17:00'),
(1103, 21, 107, 1, 'Aula 107', 'Lunes 15:00-17:00'),
(1104, 21, 108, 1, 'Aula 108', 'Martes 15:00-17:00'),
(1105, 21, 109, 1, 'Aula 109', 'Lunes 15:00-17:00'),
(1106, 22, 101, 1, 'Aula 101', 'Lunes 15:00-17:00'),
(1107, 22, 102, 4, 'Aula 102', 'Martes 15:00-17:00'),
(1108, 22, 103, 1, 'Aula 103', 'Lunes 15:00-17:00'),
(1109, 22, 104, 1, 'Aula 104', 'Martes 15:00-17:00'),
(1110, 22, 105, 1, 'Aula 105', 'Lunes 15:00-17:00'),
(1111, 22, 106, 1, 'Aula 106', 'Martes 15:00-17:00'),
(1112, 22, 107, 1, 'Aula 107', 'Lunes 15:00-17:00'),
(1113, 22, 108, 1, 'Aula 108', 'Martes 15:00-17:00'),
(1114, 22, 109, 1, 'Aula 109', 'Lunes 15:00-17:00'),
(1115, 23, 101, 1, 'Aula 101', 'Lunes 15:00-17:00'),
(1116, 23, 102, 4, 'Aula 102', 'Martes 15:00-17:00'),
(1117, 23, 103, 1, 'Aula 103', 'Lunes 15:00-17:00'),
(1118, 23, 104, 1, 'Aula 104', 'Martes 15:00-17:00'),
(1119, 23, 105, 1, 'Aula 105', 'Lunes 15:00-17:00'),
(1120, 23, 106, 1, 'Aula 106', 'Martes 15:00-17:00'),
(1121, 23, 107, 1, 'Aula 107', 'Lunes 15:00-17:00'),
(1122, 23, 108, 1, 'Aula 108', 'Martes 15:00-17:00'),
(1123, 23, 109, 1, 'Aula 109', 'Lunes 15:00-17:00'),
(1124, 24, 101, 1, 'Aula 101', 'Lunes 15:00-17:00'),
(1125, 24, 102, 4, 'Aula 102', 'Martes 15:00-17:00'),
(1126, 24, 103, 1, 'Aula 103', 'Lunes 15:00-17:00'),
(1127, 24, 104, 1, 'Aula 104', 'Martes 15:00-17:00'),
(1128, 24, 105, 1, 'Aula 105', 'Lunes 15:00-17:00'),
(1129, 24, 106, 1, 'Aula 106', 'Martes 15:00-17:00'),
(1130, 24, 107, 1, 'Aula 107', 'Lunes 15:00-17:00'),
(1131, 24, 108, 1, 'Aula 108', 'Martes 15:00-17:00'),
(1132, 24, 109, 1, 'Aula 109', 'Lunes 15:00-17:00'),
(1133, 37, 201, 1, 'Aula 201', 'Lunes 15:00-17:00'),
(1134, 37, 202, 1, 'Aula 202', 'Martes 15:00-17:00'),
(1135, 37, 203, 1, 'Aula 203', 'Lunes 15:00-17:00'),
(1136, 37, 204, 1, 'Aula 204', 'Martes 15:00-17:00'),
(1137, 37, 205, 1, 'Aula 205', 'Lunes 15:00-17:00'),
(1138, 37, 206, 1, 'Aula 206', 'Martes 15:00-17:00'),
(1139, 37, 207, 1, 'Aula 207', 'Lunes 15:00-17:00'),
(1140, 37, 208, 1, 'Aula 208', 'Martes 15:00-17:00'),
(1141, 37, 209, 1, 'Aula 209', 'Lunes 15:00-17:00'),
(1142, 38, 201, 1, 'Aula 201', 'Lunes 15:00-17:00'),
(1143, 38, 202, 1, 'Aula 202', 'Martes 15:00-17:00'),
(1144, 38, 203, 1, 'Aula 203', 'Lunes 15:00-17:00'),
(1145, 38, 204, 1, 'Aula 204', 'Martes 15:00-17:00'),
(1146, 38, 205, 1, 'Aula 205', 'Lunes 15:00-17:00'),
(1147, 38, 206, 1, 'Aula 206', 'Martes 15:00-17:00'),
(1148, 38, 207, 1, 'Aula 207', 'Lunes 15:00-17:00'),
(1149, 38, 208, 1, 'Aula 208', 'Martes 15:00-17:00'),
(1150, 38, 209, 1, 'Aula 209', 'Lunes 15:00-17:00'),
(1151, 39, 201, 1, 'Aula 201', 'Lunes 15:00-17:00'),
(1152, 39, 202, 1, 'Aula 202', 'Martes 15:00-17:00'),
(1153, 39, 203, 1, 'Aula 203', 'Lunes 15:00-17:00'),
(1154, 39, 204, 1, 'Aula 204', 'Martes 15:00-17:00'),
(1155, 39, 205, 1, 'Aula 205', 'Lunes 15:00-17:00'),
(1156, 39, 206, 1, 'Aula 206', 'Martes 15:00-17:00'),
(1157, 39, 207, 1, 'Aula 207', 'Lunes 15:00-17:00'),
(1158, 39, 208, 1, 'Aula 208', 'Martes 15:00-17:00'),
(1159, 39, 209, 1, 'Aula 209', 'Lunes 15:00-17:00'),
(1160, 40, 201, 1, 'Aula 201', 'Lunes 15:00-17:00'),
(1161, 40, 202, 1, 'Aula 202', 'Martes 15:00-17:00'),
(1162, 40, 203, 1, 'Aula 203', 'Lunes 15:00-17:00'),
(1163, 40, 204, 1, 'Aula 204', 'Martes 15:00-17:00'),
(1164, 40, 205, 1, 'Aula 205', 'Lunes 15:00-17:00'),
(1165, 40, 206, 1, 'Aula 206', 'Martes 15:00-17:00'),
(1166, 40, 207, 1, 'Aula 207', 'Lunes 15:00-17:00'),
(1167, 40, 208, 1, 'Aula 208', 'Martes 15:00-17:00'),
(1168, 40, 209, 1, 'Aula 209', 'Lunes 15:00-17:00'),
(1169, 41, 201, 1, 'Aula 201', 'Lunes 15:00-17:00'),
(1170, 41, 202, 1, 'Aula 202', 'Martes 15:00-17:00'),
(1171, 41, 203, 1, 'Aula 203', 'Lunes 15:00-17:00'),
(1172, 41, 204, 1, 'Aula 204', 'Martes 15:00-17:00'),
(1173, 41, 205, 1, 'Aula 205', 'Lunes 15:00-17:00'),
(1174, 41, 206, 1, 'Aula 206', 'Martes 15:00-17:00'),
(1175, 41, 207, 1, 'Aula 207', 'Lunes 15:00-17:00'),
(1176, 41, 208, 1, 'Aula 208', 'Martes 15:00-17:00'),
(1177, 41, 209, 1, 'Aula 209', 'Lunes 15:00-17:00'),
(1178, 42, 201, 1, 'Aula 201', 'Lunes 15:00-17:00'),
(1179, 42, 202, 1, 'Aula 202', 'Martes 15:00-17:00'),
(1180, 42, 203, 1, 'Aula 203', 'Lunes 15:00-17:00'),
(1181, 42, 204, 1, 'Aula 204', 'Martes 15:00-17:00'),
(1182, 42, 205, 1, 'Aula 205', 'Lunes 15:00-17:00'),
(1183, 42, 206, 1, 'Aula 206', 'Martes 15:00-17:00'),
(1184, 42, 207, 1, 'Aula 207', 'Lunes 15:00-17:00'),
(1185, 42, 208, 1, 'Aula 208', 'Martes 15:00-17:00'),
(1186, 42, 209, 1, 'Aula 209', 'Lunes 15:00-17:00'),
(1187, 43, 201, 1, 'Aula 201', 'Lunes 15:00-17:00'),
(1188, 43, 202, 1, 'Aula 202', 'Martes 15:00-17:00'),
(1189, 43, 203, 1, 'Aula 203', 'Lunes 15:00-17:00'),
(1190, 43, 204, 1, 'Aula 204', 'Martes 15:00-17:00'),
(1191, 43, 205, 1, 'Aula 205', 'Lunes 15:00-17:00'),
(1192, 43, 206, 1, 'Aula 206', 'Martes 15:00-17:00'),
(1193, 43, 207, 1, 'Aula 207', 'Lunes 15:00-17:00'),
(1194, 43, 208, 1, 'Aula 208', 'Martes 15:00-17:00'),
(1195, 43, 209, 1, 'Aula 209', 'Lunes 15:00-17:00'),
(1196, 44, 201, 1, 'Aula 201', 'Lunes 15:00-17:00'),
(1197, 44, 202, 1, 'Aula 202', 'Martes 15:00-17:00'),
(1198, 44, 203, 1, 'Aula 203', 'Lunes 15:00-17:00'),
(1199, 44, 204, 1, 'Aula 204', 'Martes 15:00-17:00'),
(1200, 44, 205, 1, 'Aula 205', 'Lunes 15:00-17:00'),
(1201, 44, 206, 1, 'Aula 206', 'Martes 15:00-17:00'),
(1202, 44, 207, 1, 'Aula 207', 'Lunes 15:00-17:00'),
(1203, 44, 208, 1, 'Aula 208', 'Martes 15:00-17:00'),
(1204, 44, 209, 1, 'Aula 209', 'Lunes 15:00-17:00'),
(1205, 45, 201, 1, 'Aula 201', 'Lunes 15:00-17:00'),
(1206, 45, 202, 1, 'Aula 202', 'Martes 15:00-17:00'),
(1207, 45, 203, 1, 'Aula 203', 'Lunes 15:00-17:00'),
(1208, 45, 204, 1, 'Aula 204', 'Martes 15:00-17:00'),
(1209, 45, 205, 1, 'Aula 205', 'Lunes 15:00-17:00'),
(1210, 45, 206, 1, 'Aula 206', 'Martes 15:00-17:00'),
(1211, 45, 207, 1, 'Aula 207', 'Lunes 15:00-17:00'),
(1212, 45, 208, 1, 'Aula 208', 'Martes 15:00-17:00'),
(1213, 45, 209, 1, 'Aula 209', 'Lunes 15:00-17:00'),
(1214, 46, 201, 1, 'Aula 201', 'Lunes 15:00-17:00'),
(1215, 46, 202, 1, 'Aula 202', 'Martes 15:00-17:00'),
(1216, 46, 203, 1, 'Aula 203', 'Lunes 15:00-17:00'),
(1217, 46, 204, 1, 'Aula 204', 'Martes 15:00-17:00'),
(1218, 46, 205, 1, 'Aula 205', 'Lunes 15:00-17:00'),
(1219, 46, 206, 1, 'Aula 206', 'Martes 15:00-17:00'),
(1220, 46, 207, 1, 'Aula 207', 'Lunes 15:00-17:00'),
(1221, 46, 208, 1, 'Aula 208', 'Martes 15:00-17:00'),
(1222, 46, 209, 1, 'Aula 209', 'Lunes 15:00-17:00'),
(1223, 47, 201, 1, 'Aula 201', 'Lunes 15:00-17:00'),
(1224, 47, 202, 1, 'Aula 202', 'Martes 15:00-17:00'),
(1225, 47, 203, 1, 'Aula 203', 'Lunes 15:00-17:00'),
(1226, 47, 204, 1, 'Aula 204', 'Martes 15:00-17:00'),
(1227, 47, 205, 1, 'Aula 205', 'Lunes 15:00-17:00'),
(1228, 47, 206, 1, 'Aula 206', 'Martes 15:00-17:00'),
(1229, 47, 207, 1, 'Aula 207', 'Lunes 15:00-17:00'),
(1230, 47, 208, 1, 'Aula 208', 'Martes 15:00-17:00'),
(1231, 47, 209, 1, 'Aula 209', 'Lunes 15:00-17:00'),
(1232, 48, 201, 1, 'Aula 201', 'Lunes 15:00-17:00'),
(1233, 48, 202, 1, 'Aula 202', 'Martes 15:00-17:00'),
(1234, 48, 203, 1, 'Aula 203', 'Lunes 15:00-17:00'),
(1235, 48, 204, 1, 'Aula 204', 'Martes 15:00-17:00'),
(1236, 48, 205, 1, 'Aula 205', 'Lunes 15:00-17:00'),
(1237, 48, 206, 1, 'Aula 206', 'Martes 15:00-17:00'),
(1238, 48, 207, 1, 'Aula 207', 'Lunes 15:00-17:00'),
(1239, 48, 208, 1, 'Aula 208', 'Martes 15:00-17:00'),
(1240, 48, 209, 1, 'Aula 209', 'Lunes 15:00-17:00'),
(1241, 61, 301, 1, 'Aula 301', 'Lunes 15:00-17:00'),
(1242, 61, 302, 1, 'Aula 302', 'Martes 15:00-17:00'),
(1243, 61, 303, 1, 'Aula 303', 'Lunes 15:00-17:00'),
(1244, 61, 304, 1, 'Aula 304', 'Martes 15:00-17:00'),
(1245, 61, 305, 1, 'Aula 305', 'Lunes 15:00-17:00'),
(1246, 61, 306, 1, 'Aula 306', 'Martes 15:00-17:00'),
(1247, 61, 307, 1, 'Aula 307', 'Lunes 15:00-17:00'),
(1248, 61, 308, 1, 'Aula 308', 'Martes 15:00-17:00'),
(1249, 61, 309, 1, 'Aula 309', 'Lunes 15:00-17:00'),
(1250, 61, 310, 1, 'Aula 310', 'Martes 15:00-17:00'),
(1251, 62, 301, 1, 'Aula 301', 'Lunes 15:00-17:00'),
(1252, 62, 302, 1, 'Aula 302', 'Martes 15:00-17:00'),
(1253, 62, 303, 1, 'Aula 303', 'Lunes 15:00-17:00'),
(1254, 62, 304, 1, 'Aula 304', 'Martes 15:00-17:00'),
(1255, 62, 305, 1, 'Aula 305', 'Lunes 15:00-17:00'),
(1256, 62, 306, 1, 'Aula 306', 'Martes 15:00-17:00'),
(1257, 62, 307, 1, 'Aula 307', 'Lunes 15:00-17:00'),
(1258, 62, 308, 1, 'Aula 308', 'Martes 15:00-17:00'),
(1259, 62, 309, 1, 'Aula 309', 'Lunes 15:00-17:00'),
(1260, 62, 310, 1, 'Aula 310', 'Martes 15:00-17:00'),
(1261, 63, 301, 1, 'Aula 301', 'Lunes 15:00-17:00'),
(1262, 63, 302, 1, 'Aula 302', 'Martes 15:00-17:00'),
(1263, 63, 303, 1, 'Aula 303', 'Lunes 15:00-17:00'),
(1264, 63, 304, 1, 'Aula 304', 'Martes 15:00-17:00'),
(1265, 63, 305, 1, 'Aula 305', 'Lunes 15:00-17:00'),
(1266, 63, 306, 1, 'Aula 306', 'Martes 15:00-17:00'),
(1267, 63, 307, 1, 'Aula 307', 'Lunes 15:00-17:00'),
(1268, 63, 308, 1, 'Aula 308', 'Martes 15:00-17:00'),
(1269, 63, 309, 1, 'Aula 309', 'Lunes 15:00-17:00'),
(1270, 63, 310, 1, 'Aula 310', 'Martes 15:00-17:00'),
(1271, 64, 301, 1, 'Aula 301', 'Lunes 15:00-17:00'),
(1272, 64, 302, 1, 'Aula 302', 'Martes 15:00-17:00'),
(1273, 64, 303, 1, 'Aula 303', 'Lunes 15:00-17:00'),
(1274, 64, 304, 1, 'Aula 304', 'Martes 15:00-17:00'),
(1275, 64, 305, 1, 'Aula 305', 'Lunes 15:00-17:00'),
(1276, 64, 306, 1, 'Aula 306', 'Martes 15:00-17:00'),
(1277, 64, 307, 1, 'Aula 307', 'Lunes 15:00-17:00'),
(1278, 64, 308, 1, 'Aula 308', 'Martes 15:00-17:00'),
(1279, 64, 309, 1, 'Aula 309', 'Lunes 15:00-17:00'),
(1280, 64, 310, 1, 'Aula 310', 'Martes 15:00-17:00'),
(1281, 65, 301, 1, 'Aula 301', 'Lunes 15:00-17:00'),
(1282, 65, 302, 1, 'Aula 302', 'Martes 15:00-17:00'),
(1283, 65, 303, 1, 'Aula 303', 'Lunes 15:00-17:00'),
(1284, 65, 304, 1, 'Aula 304', 'Martes 15:00-17:00'),
(1285, 65, 305, 1, 'Aula 305', 'Lunes 15:00-17:00'),
(1286, 65, 306, 1, 'Aula 306', 'Martes 15:00-17:00'),
(1287, 65, 307, 1, 'Aula 307', 'Lunes 15:00-17:00'),
(1288, 65, 308, 1, 'Aula 308', 'Martes 15:00-17:00'),
(1289, 65, 309, 1, 'Aula 309', 'Lunes 15:00-17:00'),
(1290, 65, 310, 1, 'Aula 310', 'Martes 15:00-17:00'),
(1291, 66, 301, 1, 'Aula 301', 'Lunes 15:00-17:00'),
(1292, 66, 302, 1, 'Aula 302', 'Martes 15:00-17:00'),
(1293, 66, 303, 1, 'Aula 303', 'Lunes 15:00-17:00'),
(1294, 66, 304, 1, 'Aula 304', 'Martes 15:00-17:00'),
(1295, 66, 305, 1, 'Aula 305', 'Lunes 15:00-17:00'),
(1296, 66, 306, 1, 'Aula 306', 'Martes 15:00-17:00'),
(1297, 66, 307, 1, 'Aula 307', 'Lunes 15:00-17:00'),
(1298, 66, 308, 1, 'Aula 308', 'Martes 15:00-17:00'),
(1299, 66, 309, 1, 'Aula 309', 'Lunes 15:00-17:00'),
(1300, 66, 310, 1, 'Aula 310', 'Martes 15:00-17:00'),
(1301, 67, 301, 1, 'Aula 301', 'Lunes 15:00-17:00'),
(1302, 67, 302, 1, 'Aula 302', 'Martes 15:00-17:00'),
(1303, 67, 303, 1, 'Aula 303', 'Lunes 15:00-17:00'),
(1304, 67, 304, 1, 'Aula 304', 'Martes 15:00-17:00'),
(1305, 67, 305, 1, 'Aula 305', 'Lunes 15:00-17:00'),
(1306, 67, 306, 1, 'Aula 306', 'Martes 15:00-17:00'),
(1307, 67, 307, 1, 'Aula 307', 'Lunes 15:00-17:00'),
(1308, 67, 308, 1, 'Aula 308', 'Martes 15:00-17:00'),
(1309, 67, 309, 1, 'Aula 309', 'Lunes 15:00-17:00'),
(1310, 67, 310, 1, 'Aula 310', 'Martes 15:00-17:00'),
(1311, 68, 301, 1, 'Aula 301', 'Lunes 15:00-17:00'),
(1312, 68, 302, 1, 'Aula 302', 'Martes 15:00-17:00'),
(1313, 68, 303, 1, 'Aula 303', 'Lunes 15:00-17:00'),
(1314, 68, 304, 1, 'Aula 304', 'Martes 15:00-17:00'),
(1315, 68, 305, 1, 'Aula 305', 'Lunes 15:00-17:00'),
(1316, 68, 306, 1, 'Aula 306', 'Martes 15:00-17:00'),
(1317, 68, 307, 1, 'Aula 307', 'Lunes 15:00-17:00'),
(1318, 68, 308, 1, 'Aula 308', 'Martes 15:00-17:00'),
(1319, 68, 309, 1, 'Aula 309', 'Lunes 15:00-17:00'),
(1320, 68, 310, 1, 'Aula 310', 'Martes 15:00-17:00'),
(1321, 69, 301, 1, 'Aula 301', 'Lunes 15:00-17:00'),
(1322, 69, 302, 1, 'Aula 302', 'Martes 15:00-17:00'),
(1323, 69, 303, 1, 'Aula 303', 'Lunes 15:00-17:00'),
(1324, 69, 304, 1, 'Aula 304', 'Martes 15:00-17:00'),
(1325, 69, 305, 1, 'Aula 305', 'Lunes 15:00-17:00'),
(1326, 69, 306, 1, 'Aula 306', 'Martes 15:00-17:00'),
(1327, 69, 307, 1, 'Aula 307', 'Lunes 15:00-17:00'),
(1328, 69, 308, 1, 'Aula 308', 'Martes 15:00-17:00'),
(1329, 69, 309, 1, 'Aula 309', 'Lunes 15:00-17:00'),
(1330, 69, 310, 1, 'Aula 310', 'Martes 15:00-17:00'),
(1331, 70, 301, 1, 'Aula 301', 'Lunes 15:00-17:00'),
(1332, 70, 302, 1, 'Aula 302', 'Martes 15:00-17:00'),
(1333, 70, 303, 1, 'Aula 303', 'Lunes 15:00-17:00'),
(1334, 70, 304, 1, 'Aula 304', 'Martes 15:00-17:00'),
(1335, 70, 305, 1, 'Aula 305', 'Lunes 15:00-17:00'),
(1336, 70, 306, 1, 'Aula 306', 'Martes 15:00-17:00'),
(1337, 70, 307, 1, 'Aula 307', 'Lunes 15:00-17:00'),
(1338, 70, 308, 1, 'Aula 308', 'Martes 15:00-17:00'),
(1339, 70, 309, 1, 'Aula 309', 'Lunes 15:00-17:00'),
(1340, 70, 310, 1, 'Aula 310', 'Martes 15:00-17:00'),
(1341, 71, 301, 1, 'Aula 301', 'Lunes 15:00-17:00'),
(1342, 71, 302, 1, 'Aula 302', 'Martes 15:00-17:00'),
(1343, 71, 303, 1, 'Aula 303', 'Lunes 15:00-17:00'),
(1344, 71, 304, 1, 'Aula 304', 'Martes 15:00-17:00'),
(1345, 71, 305, 1, 'Aula 305', 'Lunes 15:00-17:00'),
(1346, 71, 306, 1, 'Aula 306', 'Martes 15:00-17:00'),
(1347, 71, 307, 1, 'Aula 307', 'Lunes 15:00-17:00'),
(1348, 71, 308, 1, 'Aula 308', 'Martes 15:00-17:00'),
(1349, 71, 309, 1, 'Aula 309', 'Lunes 15:00-17:00'),
(1350, 71, 310, 1, 'Aula 310', 'Martes 15:00-17:00');
INSERT INTO `grupo_materia` (`grupo_materia_id`, `grupo_id`, `materia_id`, `profesor_id`, `aula`, `horario`) VALUES
(1351, 72, 301, 1, 'Aula 301', 'Lunes 15:00-17:00'),
(1352, 72, 302, 1, 'Aula 302', 'Martes 15:00-17:00'),
(1353, 72, 303, 1, 'Aula 303', 'Lunes 15:00-17:00'),
(1354, 72, 304, 1, 'Aula 304', 'Martes 15:00-17:00'),
(1355, 72, 305, 1, 'Aula 305', 'Lunes 15:00-17:00'),
(1356, 72, 306, 1, 'Aula 306', 'Martes 15:00-17:00'),
(1357, 72, 307, 1, 'Aula 307', 'Lunes 15:00-17:00'),
(1358, 72, 308, 1, 'Aula 308', 'Martes 15:00-17:00'),
(1359, 72, 309, 1, 'Aula 309', 'Lunes 15:00-17:00'),
(1360, 72, 310, 1, 'Aula 310', 'Martes 15:00-17:00'),
(1361, 85, 401, 1, 'Aula 401', 'Lunes 15:00-17:00'),
(1362, 85, 402, 1, 'Aula 402', 'Martes 15:00-17:00'),
(1363, 85, 403, 1, 'Aula 403', 'Lunes 15:00-17:00'),
(1364, 85, 404, 1, 'Aula 404', 'Martes 15:00-17:00'),
(1365, 85, 405, 1, 'Aula 405', 'Lunes 15:00-17:00'),
(1366, 85, 406, 1, 'Aula 406', 'Martes 15:00-17:00'),
(1367, 85, 407, 1, 'Aula 407', 'Lunes 15:00-17:00'),
(1368, 85, 408, 1, 'Aula 408', 'Martes 15:00-17:00'),
(1369, 85, 409, 1, 'Aula 409', 'Lunes 15:00-17:00'),
(1370, 86, 401, 1, 'Aula 401', 'Lunes 15:00-17:00'),
(1371, 86, 402, 1, 'Aula 402', 'Martes 15:00-17:00'),
(1372, 86, 403, 1, 'Aula 403', 'Lunes 15:00-17:00'),
(1373, 86, 404, 1, 'Aula 404', 'Martes 15:00-17:00'),
(1374, 86, 405, 1, 'Aula 405', 'Lunes 15:00-17:00'),
(1375, 86, 406, 1, 'Aula 406', 'Martes 15:00-17:00'),
(1376, 86, 407, 1, 'Aula 407', 'Lunes 15:00-17:00'),
(1377, 86, 408, 1, 'Aula 408', 'Martes 15:00-17:00'),
(1378, 86, 409, 1, 'Aula 409', 'Lunes 15:00-17:00'),
(1379, 87, 401, 1, 'Aula 401', 'Lunes 15:00-17:00'),
(1380, 87, 402, 1, 'Aula 402', 'Martes 15:00-17:00'),
(1381, 87, 403, 1, 'Aula 403', 'Lunes 15:00-17:00'),
(1382, 87, 404, 1, 'Aula 404', 'Martes 15:00-17:00'),
(1383, 87, 405, 1, 'Aula 405', 'Lunes 15:00-17:00'),
(1384, 87, 406, 1, 'Aula 406', 'Martes 15:00-17:00'),
(1385, 87, 407, 1, 'Aula 407', 'Lunes 15:00-17:00'),
(1386, 87, 408, 1, 'Aula 408', 'Martes 15:00-17:00'),
(1387, 87, 409, 1, 'Aula 409', 'Lunes 15:00-17:00'),
(1388, 88, 401, 1, 'Aula 401', 'Lunes 15:00-17:00'),
(1389, 88, 402, 1, 'Aula 402', 'Martes 15:00-17:00'),
(1390, 88, 403, 1, 'Aula 403', 'Lunes 15:00-17:00'),
(1391, 88, 404, 1, 'Aula 404', 'Martes 15:00-17:00'),
(1392, 88, 405, 1, 'Aula 405', 'Lunes 15:00-17:00'),
(1393, 88, 406, 1, 'Aula 406', 'Martes 15:00-17:00'),
(1394, 88, 407, 1, 'Aula 407', 'Lunes 15:00-17:00'),
(1395, 88, 408, 1, 'Aula 408', 'Martes 15:00-17:00'),
(1396, 88, 409, 1, 'Aula 409', 'Lunes 15:00-17:00'),
(1397, 89, 401, 1, 'Aula 401', 'Lunes 15:00-17:00'),
(1398, 89, 402, 1, 'Aula 402', 'Martes 15:00-17:00'),
(1399, 89, 403, 1, 'Aula 403', 'Lunes 15:00-17:00'),
(1400, 89, 404, 1, 'Aula 404', 'Martes 15:00-17:00'),
(1401, 89, 405, 1, 'Aula 405', 'Lunes 15:00-17:00'),
(1402, 89, 406, 1, 'Aula 406', 'Martes 15:00-17:00'),
(1403, 89, 407, 1, 'Aula 407', 'Lunes 15:00-17:00'),
(1404, 89, 408, 1, 'Aula 408', 'Martes 15:00-17:00'),
(1405, 89, 409, 1, 'Aula 409', 'Lunes 15:00-17:00'),
(1406, 90, 401, 1, 'Aula 401', 'Lunes 15:00-17:00'),
(1407, 90, 402, 1, 'Aula 402', 'Martes 15:00-17:00'),
(1408, 90, 403, 1, 'Aula 403', 'Lunes 15:00-17:00'),
(1409, 90, 404, 1, 'Aula 404', 'Martes 15:00-17:00'),
(1410, 90, 405, 1, 'Aula 405', 'Lunes 15:00-17:00'),
(1411, 90, 406, 1, 'Aula 406', 'Martes 15:00-17:00'),
(1412, 90, 407, 1, 'Aula 407', 'Lunes 15:00-17:00'),
(1413, 90, 408, 1, 'Aula 408', 'Martes 15:00-17:00'),
(1414, 90, 409, 1, 'Aula 409', 'Lunes 15:00-17:00'),
(1415, 91, 401, 1, 'Aula 401', 'Lunes 15:00-17:00'),
(1416, 91, 402, 1, 'Aula 402', 'Martes 15:00-17:00'),
(1417, 91, 403, 1, 'Aula 403', 'Lunes 15:00-17:00'),
(1418, 91, 404, 1, 'Aula 404', 'Martes 15:00-17:00'),
(1419, 91, 405, 1, 'Aula 405', 'Lunes 15:00-17:00'),
(1420, 91, 406, 1, 'Aula 406', 'Martes 15:00-17:00'),
(1421, 91, 407, 1, 'Aula 407', 'Lunes 15:00-17:00'),
(1422, 91, 408, 1, 'Aula 408', 'Martes 15:00-17:00'),
(1423, 91, 409, 1, 'Aula 409', 'Lunes 15:00-17:00'),
(1424, 92, 401, 1, 'Aula 401', 'Lunes 15:00-17:00'),
(1425, 92, 402, 1, 'Aula 402', 'Martes 15:00-17:00'),
(1426, 92, 403, 1, 'Aula 403', 'Lunes 15:00-17:00'),
(1427, 92, 404, 1, 'Aula 404', 'Martes 15:00-17:00'),
(1428, 92, 405, 1, 'Aula 405', 'Lunes 15:00-17:00'),
(1429, 92, 406, 1, 'Aula 406', 'Martes 15:00-17:00'),
(1430, 92, 407, 1, 'Aula 407', 'Lunes 15:00-17:00'),
(1431, 92, 408, 1, 'Aula 408', 'Martes 15:00-17:00'),
(1432, 92, 409, 1, 'Aula 409', 'Lunes 15:00-17:00'),
(1433, 93, 401, 1, 'Aula 401', 'Lunes 15:00-17:00'),
(1434, 93, 402, 1, 'Aula 402', 'Martes 15:00-17:00'),
(1435, 93, 403, 1, 'Aula 403', 'Lunes 15:00-17:00'),
(1436, 93, 404, 1, 'Aula 404', 'Martes 15:00-17:00'),
(1437, 93, 405, 1, 'Aula 405', 'Lunes 15:00-17:00'),
(1438, 93, 406, 1, 'Aula 406', 'Martes 15:00-17:00'),
(1439, 93, 407, 1, 'Aula 407', 'Lunes 15:00-17:00'),
(1440, 93, 408, 1, 'Aula 408', 'Martes 15:00-17:00'),
(1441, 93, 409, 1, 'Aula 409', 'Lunes 15:00-17:00'),
(1442, 94, 401, 1, 'Aula 401', 'Lunes 15:00-17:00'),
(1443, 94, 402, 1, 'Aula 402', 'Martes 15:00-17:00'),
(1444, 94, 403, 1, 'Aula 403', 'Lunes 15:00-17:00'),
(1445, 94, 404, 1, 'Aula 404', 'Martes 15:00-17:00'),
(1446, 94, 405, 1, 'Aula 405', 'Lunes 15:00-17:00'),
(1447, 94, 406, 1, 'Aula 406', 'Martes 15:00-17:00'),
(1448, 94, 407, 1, 'Aula 407', 'Lunes 15:00-17:00'),
(1449, 94, 408, 1, 'Aula 408', 'Martes 15:00-17:00'),
(1450, 94, 409, 1, 'Aula 409', 'Lunes 15:00-17:00'),
(1451, 95, 401, 1, 'Aula 401', 'Lunes 15:00-17:00'),
(1452, 95, 402, 1, 'Aula 402', 'Martes 15:00-17:00'),
(1453, 95, 403, 1, 'Aula 403', 'Lunes 15:00-17:00'),
(1454, 95, 404, 1, 'Aula 404', 'Martes 15:00-17:00'),
(1455, 95, 405, 1, 'Aula 405', 'Lunes 15:00-17:00'),
(1456, 95, 406, 1, 'Aula 406', 'Martes 15:00-17:00'),
(1457, 95, 407, 1, 'Aula 407', 'Lunes 15:00-17:00'),
(1458, 95, 408, 1, 'Aula 408', 'Martes 15:00-17:00'),
(1459, 95, 409, 1, 'Aula 409', 'Lunes 15:00-17:00'),
(1460, 96, 401, 1, 'Aula 401', 'Lunes 15:00-17:00'),
(1461, 96, 402, 1, 'Aula 402', 'Martes 15:00-17:00'),
(1462, 96, 403, 1, 'Aula 403', 'Lunes 15:00-17:00'),
(1463, 96, 404, 1, 'Aula 404', 'Martes 15:00-17:00'),
(1464, 96, 405, 1, 'Aula 405', 'Lunes 15:00-17:00'),
(1465, 96, 406, 1, 'Aula 406', 'Martes 15:00-17:00'),
(1466, 96, 407, 1, 'Aula 407', 'Lunes 15:00-17:00'),
(1467, 96, 408, 1, 'Aula 408', 'Martes 15:00-17:00'),
(1468, 96, 409, 1, 'Aula 409', 'Lunes 15:00-17:00'),
(1469, 109, 501, 1, 'Aula 501', 'Lunes 15:00-17:00'),
(1470, 109, 502, 1, 'Aula 502', 'Martes 15:00-17:00'),
(1471, 109, 503, 1, 'Aula 503', 'Lunes 15:00-17:00'),
(1472, 109, 504, 1, 'Aula 504', 'Martes 15:00-17:00'),
(1473, 109, 505, 1, 'Aula 505', 'Lunes 15:00-17:00'),
(1474, 109, 506, 4, 'Aula 506', 'Martes 15:00-17:00'),
(1475, 109, 507, 1, 'Aula 507', 'Lunes 15:00-17:00'),
(1476, 109, 508, 1, 'Aula 508', 'Martes 15:00-17:00'),
(1477, 109, 509, 1, 'Aula 509', 'Lunes 15:00-17:00'),
(1478, 110, 501, 1, 'Aula 501', 'Lunes 15:00-17:00'),
(1479, 110, 502, 1, 'Aula 502', 'Martes 15:00-17:00'),
(1480, 110, 503, 1, 'Aula 503', 'Lunes 15:00-17:00'),
(1481, 110, 504, 1, 'Aula 504', 'Martes 15:00-17:00'),
(1482, 110, 505, 1, 'Aula 505', 'Lunes 15:00-17:00'),
(1483, 110, 506, 4, 'Aula 506', 'Martes 15:00-17:00'),
(1484, 110, 507, 1, 'Aula 507', 'Lunes 15:00-17:00'),
(1485, 110, 508, 1, 'Aula 508', 'Martes 15:00-17:00'),
(1486, 110, 509, 1, 'Aula 509', 'Lunes 15:00-17:00'),
(1487, 111, 501, 1, 'Aula 501', 'Lunes 15:00-17:00'),
(1488, 111, 502, 1, 'Aula 502', 'Martes 15:00-17:00'),
(1489, 111, 503, 1, 'Aula 503', 'Lunes 15:00-17:00'),
(1490, 111, 504, 1, 'Aula 504', 'Martes 15:00-17:00'),
(1491, 111, 505, 1, 'Aula 505', 'Lunes 15:00-17:00'),
(1492, 111, 506, 4, 'Aula 506', 'Martes 15:00-17:00'),
(1493, 111, 507, 1, 'Aula 507', 'Lunes 15:00-17:00'),
(1494, 111, 508, 1, 'Aula 508', 'Martes 15:00-17:00'),
(1495, 111, 509, 1, 'Aula 509', 'Lunes 15:00-17:00'),
(1496, 112, 501, 1, 'Aula 501', 'Lunes 15:00-17:00'),
(1497, 112, 502, 1, 'Aula 502', 'Martes 15:00-17:00'),
(1498, 112, 503, 1, 'Aula 503', 'Lunes 15:00-17:00'),
(1499, 112, 504, 1, 'Aula 504', 'Martes 15:00-17:00'),
(1500, 112, 505, 1, 'Aula 505', 'Lunes 15:00-17:00'),
(1501, 112, 506, 4, 'Aula 506', 'Martes 15:00-17:00'),
(1502, 112, 507, 1, 'Aula 507', 'Lunes 15:00-17:00'),
(1503, 112, 508, 1, 'Aula 508', 'Martes 15:00-17:00'),
(1504, 112, 509, 1, 'Aula 509', 'Lunes 15:00-17:00'),
(1505, 113, 501, 1, 'Aula 501', 'Lunes 15:00-17:00'),
(1506, 113, 502, 1, 'Aula 502', 'Martes 15:00-17:00'),
(1507, 113, 503, 1, 'Aula 503', 'Lunes 15:00-17:00'),
(1508, 113, 504, 1, 'Aula 504', 'Martes 15:00-17:00'),
(1509, 113, 505, 1, 'Aula 505', 'Lunes 15:00-17:00'),
(1510, 113, 506, 4, 'Aula 506', 'Martes 15:00-17:00'),
(1511, 113, 507, 1, 'Aula 507', 'Lunes 15:00-17:00'),
(1512, 113, 508, 1, 'Aula 508', 'Martes 15:00-17:00'),
(1513, 113, 509, 1, 'Aula 509', 'Lunes 15:00-17:00'),
(1514, 114, 501, 1, 'Aula 501', 'Lunes 15:00-17:00'),
(1515, 114, 502, 1, 'Aula 502', 'Martes 15:00-17:00'),
(1516, 114, 503, 1, 'Aula 503', 'Lunes 15:00-17:00'),
(1517, 114, 504, 1, 'Aula 504', 'Martes 15:00-17:00'),
(1518, 114, 505, 1, 'Aula 505', 'Lunes 15:00-17:00'),
(1519, 114, 506, 4, 'Aula 506', 'Martes 15:00-17:00'),
(1520, 114, 507, 1, 'Aula 507', 'Lunes 15:00-17:00'),
(1521, 114, 508, 1, 'Aula 508', 'Martes 15:00-17:00'),
(1522, 114, 509, 1, 'Aula 509', 'Lunes 15:00-17:00'),
(1523, 115, 501, 1, 'Aula 501', 'Lunes 15:00-17:00'),
(1524, 115, 502, 1, 'Aula 502', 'Martes 15:00-17:00'),
(1525, 115, 503, 1, 'Aula 503', 'Lunes 15:00-17:00'),
(1526, 115, 504, 1, 'Aula 504', 'Martes 15:00-17:00'),
(1527, 115, 505, 1, 'Aula 505', 'Lunes 15:00-17:00'),
(1528, 115, 506, 4, 'Aula 506', 'Martes 15:00-17:00'),
(1529, 115, 507, 1, 'Aula 507', 'Lunes 15:00-17:00'),
(1530, 115, 508, 1, 'Aula 508', 'Martes 15:00-17:00'),
(1531, 115, 509, 1, 'Aula 509', 'Lunes 15:00-17:00'),
(1532, 116, 501, 1, 'Aula 501', 'Lunes 15:00-17:00'),
(1533, 116, 502, 1, 'Aula 502', 'Martes 15:00-17:00'),
(1534, 116, 503, 1, 'Aula 503', 'Lunes 15:00-17:00'),
(1535, 116, 504, 1, 'Aula 504', 'Martes 15:00-17:00'),
(1536, 116, 505, 1, 'Aula 505', 'Lunes 15:00-17:00'),
(1537, 116, 506, 4, 'Aula 506', 'Martes 15:00-17:00'),
(1538, 116, 507, 1, 'Aula 507', 'Lunes 15:00-17:00'),
(1539, 116, 508, 1, 'Aula 508', 'Martes 15:00-17:00'),
(1540, 116, 509, 1, 'Aula 509', 'Lunes 15:00-17:00'),
(1541, 117, 501, 1, 'Aula 501', 'Lunes 15:00-17:00'),
(1542, 117, 502, 1, 'Aula 502', 'Martes 15:00-17:00'),
(1543, 117, 503, 1, 'Aula 503', 'Lunes 15:00-17:00'),
(1544, 117, 504, 1, 'Aula 504', 'Martes 15:00-17:00'),
(1545, 117, 505, 1, 'Aula 505', 'Lunes 15:00-17:00'),
(1546, 117, 506, 4, 'Aula 506', 'Martes 15:00-17:00'),
(1547, 117, 507, 1, 'Aula 507', 'Lunes 15:00-17:00'),
(1548, 117, 508, 1, 'Aula 508', 'Martes 15:00-17:00'),
(1549, 117, 509, 1, 'Aula 509', 'Lunes 15:00-17:00'),
(1550, 118, 501, 1, 'Aula 501', 'Lunes 15:00-17:00'),
(1551, 118, 502, 1, 'Aula 502', 'Martes 15:00-17:00'),
(1552, 118, 503, 1, 'Aula 503', 'Lunes 15:00-17:00'),
(1553, 118, 504, 1, 'Aula 504', 'Martes 15:00-17:00'),
(1554, 118, 505, 1, 'Aula 505', 'Lunes 15:00-17:00'),
(1555, 118, 506, 4, 'Aula 506', 'Martes 15:00-17:00'),
(1556, 118, 507, 1, 'Aula 507', 'Lunes 15:00-17:00'),
(1557, 118, 508, 1, 'Aula 508', 'Martes 15:00-17:00'),
(1558, 118, 509, 1, 'Aula 509', 'Lunes 15:00-17:00'),
(1559, 119, 501, 1, 'Aula 501', 'Lunes 15:00-17:00'),
(1560, 119, 502, 1, 'Aula 502', 'Martes 15:00-17:00'),
(1561, 119, 503, 1, 'Aula 503', 'Lunes 15:00-17:00'),
(1562, 119, 504, 1, 'Aula 504', 'Martes 15:00-17:00'),
(1563, 119, 505, 1, 'Aula 505', 'Lunes 15:00-17:00'),
(1564, 119, 506, 4, 'Aula 506', 'Martes 15:00-17:00'),
(1565, 119, 507, 1, 'Aula 507', 'Lunes 15:00-17:00'),
(1566, 119, 508, 1, 'Aula 508', 'Martes 15:00-17:00'),
(1567, 119, 509, 1, 'Aula 509', 'Lunes 15:00-17:00'),
(1568, 120, 501, 1, 'Aula 501', 'Lunes 15:00-17:00'),
(1569, 120, 502, 1, 'Aula 502', 'Martes 15:00-17:00'),
(1570, 120, 503, 1, 'Aula 503', 'Lunes 15:00-17:00'),
(1571, 120, 504, 1, 'Aula 504', 'Martes 15:00-17:00'),
(1572, 120, 505, 1, 'Aula 505', 'Lunes 15:00-17:00'),
(1573, 120, 506, 4, 'Aula 506', 'Martes 15:00-17:00'),
(1574, 120, 507, 1, 'Aula 507', 'Lunes 15:00-17:00'),
(1575, 120, 508, 1, 'Aula 508', 'Martes 15:00-17:00'),
(1576, 120, 509, 1, 'Aula 509', 'Lunes 15:00-17:00'),
(1577, 134, 601, 1, 'Aula 601', 'Lunes 15:00-17:00'),
(1578, 134, 602, 2, 'Aula 602', 'Martes 15:00-17:00'),
(1579, 134, 603, 3, 'Aula 603', 'Lunes 15:00-17:00'),
(1580, 134, 604, 4, 'Aula 604', 'Martes 15:00-17:00'),
(1581, 134, 605, 5, 'Aula 605', 'Lunes 15:00-17:00'),
(1582, 134, 606, 6, 'Aula 606', 'Martes 15:00-17:00'),
(1583, 134, 607, 7, 'Aula 607', 'Lunes 15:00-17:00'),
(1584, 134, 608, 5, 'Aula 608', 'Martes 15:00-17:00'),
(1585, 135, 601, 1, 'Aula 601', 'Lunes 15:00-17:00'),
(1586, 135, 602, 2, 'Aula 602', 'Martes 15:00-17:00'),
(1587, 135, 603, 3, 'Aula 603', 'Lunes 15:00-17:00'),
(1588, 135, 604, 4, 'Aula 604', 'Martes 15:00-17:00'),
(1589, 135, 605, 5, 'Aula 605', 'Lunes 15:00-17:00'),
(1590, 135, 606, 6, 'Aula 606', 'Martes 15:00-17:00'),
(1591, 135, 607, 7, 'Aula 607', 'Lunes 15:00-17:00'),
(1592, 135, 608, 5, 'Aula 608', 'Martes 15:00-17:00'),
(1593, 136, 601, 1, 'Aula 601', 'Lunes 15:00-17:00'),
(1594, 136, 602, 2, 'Aula 602', 'Martes 15:00-17:00'),
(1595, 136, 603, 3, 'Aula 603', 'Lunes 15:00-17:00'),
(1596, 136, 604, 4, 'Aula 604', 'Martes 15:00-17:00'),
(1597, 136, 605, 5, 'Aula 605', 'Lunes 15:00-17:00'),
(1598, 136, 606, 6, 'Aula 606', 'Martes 15:00-17:00'),
(1599, 136, 607, 7, 'Aula 607', 'Lunes 15:00-17:00'),
(1600, 136, 608, 5, 'Aula 608', 'Martes 15:00-17:00'),
(1601, 137, 601, 1, 'Aula 601', 'Lunes 15:00-17:00'),
(1602, 137, 602, 2, 'Aula 602', 'Martes 15:00-17:00'),
(1603, 137, 603, 3, 'Aula 603', 'Lunes 15:00-17:00'),
(1604, 137, 604, 4, 'Aula 604', 'Martes 15:00-17:00'),
(1605, 137, 605, 5, 'Aula 605', 'Lunes 15:00-17:00'),
(1606, 137, 606, 6, 'Aula 606', 'Martes 15:00-17:00'),
(1607, 137, 607, 7, 'Aula 607', 'Lunes 15:00-17:00'),
(1608, 137, 608, 5, 'Aula 608', 'Martes 15:00-17:00'),
(1609, 138, 601, 1, 'Aula 601', 'Lunes 15:00-17:00'),
(1610, 138, 602, 2, 'Aula 602', 'Martes 15:00-17:00'),
(1611, 138, 603, 3, 'Aula 603', 'Lunes 15:00-17:00'),
(1612, 138, 604, 4, 'Aula 604', 'Martes 15:00-17:00'),
(1613, 138, 605, 5, 'Aula 605', 'Lunes 15:00-17:00'),
(1614, 138, 606, 6, 'Aula 606', 'Martes 15:00-17:00'),
(1615, 138, 607, 7, 'Aula 607', 'Lunes 15:00-17:00'),
(1616, 138, 608, 5, 'Aula 608', 'Martes 15:00-17:00'),
(1617, 139, 601, 1, 'Aula 601', 'Lunes 15:00-17:00'),
(1618, 139, 602, 2, 'Aula 602', 'Martes 15:00-17:00'),
(1619, 139, 603, 3, 'Aula 603', 'Lunes 15:00-17:00'),
(1620, 139, 604, 4, 'Aula 604', 'Martes 15:00-17:00'),
(1621, 139, 605, 5, 'Aula 605', 'Lunes 15:00-17:00'),
(1622, 139, 606, 6, 'Aula 606', 'Martes 15:00-17:00'),
(1623, 139, 607, 7, 'Aula 607', 'Lunes 15:00-17:00'),
(1624, 139, 608, 5, 'Aula 608', 'Martes 15:00-17:00'),
(1625, 140, 601, 1, 'Aula 601', 'Lunes 15:00-17:00'),
(1626, 140, 602, 2, 'Aula 602', 'Martes 15:00-17:00'),
(1627, 140, 603, 3, 'Aula 603', 'Lunes 15:00-17:00'),
(1628, 140, 604, 4, 'Aula 604', 'Martes 15:00-17:00'),
(1629, 140, 605, 5, 'Aula 605', 'Lunes 15:00-17:00'),
(1630, 140, 606, 6, 'Aula 606', 'Martes 15:00-17:00'),
(1631, 140, 607, 7, 'Aula 607', 'Lunes 15:00-17:00'),
(1632, 140, 608, 5, 'Aula 608', 'Martes 15:00-17:00'),
(1633, 141, 601, 1, 'Aula 601', 'Lunes 15:00-17:00'),
(1634, 141, 602, 2, 'Aula 602', 'Martes 15:00-17:00'),
(1635, 141, 603, 3, 'Aula 603', 'Lunes 15:00-17:00'),
(1636, 141, 604, 4, 'Aula 604', 'Martes 15:00-17:00'),
(1637, 141, 605, 5, 'Aula 605', 'Lunes 15:00-17:00'),
(1638, 141, 606, 6, 'Aula 606', 'Martes 15:00-17:00'),
(1639, 141, 607, 7, 'Aula 607', 'Lunes 15:00-17:00'),
(1640, 141, 608, 5, 'Aula 608', 'Martes 15:00-17:00'),
(1641, 142, 601, 1, 'Aula 601', 'Lunes 15:00-17:00'),
(1642, 142, 602, 2, 'Aula 602', 'Martes 15:00-17:00'),
(1643, 142, 603, 3, 'Aula 603', 'Lunes 15:00-17:00'),
(1644, 142, 604, 4, 'Aula 604', 'Martes 15:00-17:00'),
(1645, 142, 605, 5, 'Aula 605', 'Lunes 15:00-17:00'),
(1646, 142, 606, 6, 'Aula 606', 'Martes 15:00-17:00'),
(1647, 142, 607, 7, 'Aula 607', 'Lunes 15:00-17:00'),
(1648, 142, 608, 5, 'Aula 608', 'Martes 15:00-17:00'),
(1649, 143, 601, 1, 'Aula 601', 'Lunes 15:00-17:00'),
(1650, 143, 602, 2, 'Aula 602', 'Martes 15:00-17:00'),
(1651, 143, 603, 3, 'Aula 603', 'Lunes 15:00-17:00'),
(1652, 143, 604, 4, 'Aula 604', 'Martes 15:00-17:00'),
(1653, 143, 605, 5, 'Aula 605', 'Lunes 15:00-17:00'),
(1654, 143, 606, 6, 'Aula 606', 'Martes 15:00-17:00'),
(1655, 143, 607, 7, 'Aula 607', 'Lunes 15:00-17:00'),
(1656, 143, 608, 5, 'Aula 608', 'Martes 15:00-17:00'),
(1657, 144, 601, 1, 'Aula 601', 'Lunes 15:00-17:00'),
(1658, 144, 602, 2, 'Aula 602', 'Martes 15:00-17:00'),
(1659, 144, 603, 3, 'Aula 603', 'Lunes 15:00-17:00'),
(1660, 144, 604, 4, 'Aula 604', 'Martes 15:00-17:00'),
(1661, 144, 605, 5, 'Aula 605', 'Lunes 15:00-17:00'),
(1662, 144, 606, 6, 'Aula 606', 'Martes 15:00-17:00'),
(1663, 144, 607, 7, 'Aula 607', 'Lunes 15:00-17:00'),
(1664, 144, 608, 5, 'Aula 608', 'Martes 15:00-17:00'),
(1665, 145, 601, 1, 'Aula 601', 'Lunes 15:00-17:00'),
(1666, 145, 602, 2, 'Aula 602', 'Martes 15:00-17:00'),
(1667, 145, 603, 3, 'Aula 603', 'Lunes 15:00-17:00'),
(1668, 145, 604, 4, 'Aula 604', 'Martes 15:00-17:00'),
(1669, 145, 605, 5, 'Aula 605', 'Lunes 15:00-17:00'),
(1670, 145, 606, 6, 'Aula 606', 'Martes 15:00-17:00'),
(1671, 145, 607, 7, 'Aula 607', 'Lunes 15:00-17:00'),
(1672, 145, 608, 5, 'Aula 608', 'Martes 15:00-17:00'),
(1673, 146, 601, 1, 'Aula 601', 'Lunes 15:00-17:00'),
(1674, 146, 602, 2, 'Aula 602', 'Martes 15:00-17:00'),
(1675, 146, 603, 3, 'Aula 603', 'Lunes 15:00-17:00'),
(1676, 146, 604, 4, 'Aula 604', 'Martes 15:00-17:00'),
(1677, 146, 605, 5, 'Aula 605', 'Lunes 15:00-17:00'),
(1678, 146, 606, 6, 'Aula 606', 'Martes 15:00-17:00'),
(1679, 146, 607, 7, 'Aula 607', 'Lunes 15:00-17:00'),
(1680, 146, 608, 5, 'Aula 608', 'Martes 15:00-17:00');

-- --------------------------------------------------------

--
-- Estructura de tabla para la tabla `materias`
--

CREATE TABLE `materias` (
  `materia_id` int(11) NOT NULL,
  `nombre` varchar(100) NOT NULL,
  `descripcion` text DEFAULT NULL,
  `creditos` int(11) NOT NULL,
  `activa` tinyint(1) DEFAULT 1
) ENGINE=InnoDB DEFAULT CHARSET=utf8mb4 COLLATE=utf8mb4_general_ci;

--
-- Volcado de datos para la tabla `materias`
--

INSERT INTO `materias` (`materia_id`, `nombre`, `descripcion`, `creditos`, `activa`) VALUES
(101, 'ÁLGEBRA', 'Fundamentos de álgebra', 5, 1),
(102, 'FILOSOFÍA I', 'Introducción a la filosofía', 4, 1),
(103, 'COMPUTACIÓN BÁSICA I', 'Conceptos básicos de computación', 4, 1),
(104, 'INGLÉS I', 'Inglés nivel básico', 4, 1),
(105, 'EXPRESIÓN ORAL Y ESCRITA I', 'Desarrollo de habilidades comunicativas', 4, 1),
(106, 'DESARROLLO DE HABILIDADES DEL PENSAMIENTO', 'Estrategias de pensamiento crítico', 3, 1),
(107, 'HISTORIA DE MÉXICO CONTEMPORÁNEO I', 'Historia moderna de México', 4, 1),
(108, 'DESARROLLO PERSONAL', 'Habilidades de desarrollo personal', 3, 1),
(109, 'ORIENTACIÓN JUVENIL Y PROFESIONAL I', 'Orientación vocacional', 3, 1),
(201, 'GEOMETRÍA Y TRIGONOMETRÍA', 'Conceptos de geometría y trigonometría', 5, 1),
(202, 'FILOSOFÍA II', 'Continuación de filosofía I', 4, 1),
(203, 'COMPUTACIÓN BÁSICA II', 'Fundamentos avanzados de computación', 4, 1),
(204, 'INGLÉS II', 'Inglés nivel intermedio', 4, 1),
(205, 'EXPRESIÓN ORAL Y ESCRITA II', 'Habilidades avanzadas de comunicación', 4, 1),
(206, 'BIOLOGÍA BÁSICA', 'Principios de biología', 5, 1),
(207, 'HISTORIA DE MÉXICO CONTEMPORÁNEO II', 'Historia reciente de México', 4, 1),
(208, 'ORIENTACIÓN JUVENIL Y PROFESIONAL II', 'Orientación vocacional avanzada', 3, 1),
(209, 'COMUNICACIÓN Y LIDERAZGO', 'Habilidades de liderazgo', 3, 1),
(301, 'GEOMETRÍA ANALÍTICA', 'Estudio de coordenadas y ecuaciones', 5, 1),
(302, 'FÍSICA I', 'Fundamentos de física', 5, 1),
(303, 'QUÍMICA I', 'Introducción a la química', 5, 1),
(304, 'INGLÉS III', 'Inglés nivel avanzado', 4, 1),
(305, 'COMUNICACIÓN CIENTÍFICA', 'Habilidades para la comunicación en ciencia', 4, 1),
(306, 'CONTABILIDAD I', 'Principios contables básicos', 5, 1),
(307, 'ENTORNO SOCIOECONÓMICO DE MÉXICO', 'Contexto económico y social', 4, 1),
(308, 'CÁLCULOS FINANCIEROS I', 'Matemáticas financieras básicas', 4, 1),
(309, 'HERRAMIENTAS DE PROGRAMACIÓN', 'Fundamentos de programación', 5, 1),
(310, 'ENSAMBLADO Y MANTENIMIENTO DE PCS', 'Técnicas de ensamblaje y mantenimiento', 5, 1),
(401, 'CÁLCULO DIFERENCIAL', 'Conceptos de derivación', 5, 1),
(402, 'FÍSICA II', 'Continuación de física I', 5, 1),
(403, 'QUÍMICA II', 'Química avanzada', 5, 1),
(404, 'INGLÉS IV', 'Inglés para negocios y ciencia', 4, 1),
(405, 'DERECHO', 'Principios básicos del derecho', 4, 1),
(406, 'CONTABILIDAD II', 'Conceptos avanzados de contabilidad', 5, 1),
(407, 'CÁLCULOS FINANCIEROS II', 'Matemáticas financieras avanzadas', 4, 1),
(408, 'PROGRAMACIÓN ORIENTADA A OBJETOS', 'Paradigma POO en programación', 5, 1),
(409, 'TELEINFORMÁTICA', 'Redes y telecomunicaciones', 5, 1),
(501, 'CÁLCULO INTEGRAL', 'Integración en cálculo', 5, 1),
(502, 'MICROECONOMÍA', 'Conceptos económicos básicos', 4, 1),
(503, 'INGLÉS V', 'Inglés técnico y profesional', 4, 1),
(504, 'DERECHO MERCANTIL', 'Normativas comerciales', 4, 1),
(505, 'CONTABILIDAD III', 'Contabilidad aplicada', 5, 1),
(506, 'ORIENTACIÓN JUVENIL Y PROFESIONAL III', 'Desarrollo profesional', 3, 1),
(507, 'PROGRAMACIÓN DE DISPOSITIVOS MÓVILES', 'Desarrollo de apps móviles', 5, 1),
(508, 'BASE DE DATOS', 'Diseño y administración de bases de datos', 5, 1),
(509, 'INTERACCIÓN USUARIO COMPUTADORA', 'Diseño de interfaces de usuario', 4, 1),
(601, 'PROBABILIDAD Y ESTADÍSTICA', 'Fundamentos estadísticos', 5, 1),
(602, 'MACROECONOMÍA', 'Análisis macroeconómico', 4, 1),
(603, 'INGLÉS VI', 'Inglés profesional avanzado', 4, 1),
(604, 'ORIENTACIÓN JUVENIL Y PROFESIONAL IV', 'Estrategias para la vida profesional', 3, 1),
(605, 'PRODUCCIÓN MULTIMEDIA Y AMBIENTES VIRTUALES', 'Creación de contenido digital', 5, 1),
(606, 'DESARROLLO WEB', 'Desarrollo y diseño de páginas web', 5, 1),
(607, 'PROGRAMACIÓN AVANZADA', 'Técnicas avanzadas de programación', 5, 1),
(608, 'SISTEMAS DE INFORMACIÓN', 'Gestión y análisis de sistemas', 5, 1);

-- --------------------------------------------------------

--
-- Estructura de tabla para la tabla `profesores`
--

CREATE TABLE `profesores` (
  `profesor_id` int(11) NOT NULL,
  `nombre` varchar(50) NOT NULL,
  `apellido_paterno` varchar(50) NOT NULL,
  `apellido_materno` varchar(50) DEFAULT NULL,
  `fecha_nacimiento` date DEFAULT NULL,
  `genero` char(1) DEFAULT NULL,
  `rfc` varchar(13) DEFAULT NULL,
  `curp` varchar(18) DEFAULT NULL,
  `telefono` varchar(15) DEFAULT NULL,
  `email` varchar(100) DEFAULT NULL,
  `direccion` text DEFAULT NULL,
  `fecha_contratacion` date NOT NULL,
  `activo` tinyint(1) DEFAULT 1
) ENGINE=InnoDB DEFAULT CHARSET=utf8mb4 COLLATE=utf8mb4_general_ci;

--
-- Volcado de datos para la tabla `profesores`
--

INSERT INTO `profesores` (`profesor_id`, `nombre`, `apellido_paterno`, `apellido_materno`, `fecha_nacimiento`, `genero`, `rfc`, `curp`, `telefono`, `email`, `direccion`, `fecha_contratacion`, `activo`) VALUES
(1, 'JUAN CARLOS', 'ARRIAGA', 'MEDINA', NULL, 'M', NULL, NULL, NULL, NULL, NULL, '2018-03-30', 1),
(2, 'JANETH YADIRA', 'RODRIGUEZ', 'GALVAN', NULL, 'F', NULL, NULL, NULL, NULL, NULL, '2018-03-30', 1),
(3, 'ALONSO JESUS', 'EVIA', NULL, NULL, 'M', NULL, NULL, NULL, NULL, NULL, '2018-03-30', 1),
(4, 'BARBARA', 'OROZCO', 'LEON', NULL, 'F', NULL, NULL, NULL, NULL, NULL, '2018-03-30', 1),
(5, 'CARLOS MIGUEL', 'GUTIERREZ', 'RUIZ', NULL, 'M', NULL, NULL, NULL, NULL, NULL, '2024-03-30', 1),
(6, 'LUIS ANTONIO', 'HERNANDEZ', 'CERVANTES', NULL, 'M', NULL, NULL, NULL, NULL, NULL, '2018-03-30', 1),
(7, 'JOSE ANGEL', 'GALLARDO', 'PEREZ', NULL, 'M', NULL, NULL, NULL, NULL, NULL, '2018-03-30', 1);

-- --------------------------------------------------------

--
-- Estructura de tabla para la tabla `profesor_materia`
--

CREATE TABLE `profesor_materia` (
  `profesor_materia_id` int(11) NOT NULL,
  `profesor_id` int(11) NOT NULL,
  `materia_id` int(11) NOT NULL,
  `semestre_id` int(11) NOT NULL
) ENGINE=InnoDB DEFAULT CHARSET=utf8mb4 COLLATE=utf8mb4_general_ci;

--
-- Volcado de datos para la tabla `profesor_materia`
--

INSERT INTO `profesor_materia` (`profesor_materia_id`, `profesor_id`, `materia_id`, `semestre_id`) VALUES
(1, 1, 601, 6),
(2, 2, 602, 6),
(3, 3, 603, 6),
(6, 4, 102, 1),
(4, 4, 506, 5),
(5, 4, 604, 6),
(7, 5, 605, 6),
(10, 5, 608, 6),
(8, 6, 606, 6),
(9, 7, 607, 6);

-- --------------------------------------------------------

--
-- Estructura de tabla para la tabla `semestres`
--

CREATE TABLE `semestres` (
  `semestre_id` int(11) NOT NULL,
  `nombre` varchar(50) NOT NULL,
  `fecha_inicio` date NOT NULL,
  `fecha_fin` date NOT NULL,
  `activo` tinyint(1) DEFAULT 1
) ENGINE=InnoDB DEFAULT CHARSET=utf8mb4 COLLATE=utf8mb4_general_ci;

--
-- Volcado de datos para la tabla `semestres`
--

INSERT INTO `semestres` (`semestre_id`, `nombre`, `fecha_inicio`, `fecha_fin`, `activo`) VALUES
(1, 'Primer Semestre', '2024-08-01', '2025-01-15', 1),
(2, 'Segundo Semestre', '2025-02-01', '2025-08-15', 1),
(3, 'Tercer Semestre', '2025-08-01', '2026-01-15', 1),
(4, 'Cuarto Semestre', '2026-02-01', '2026-08-15', 1),
(5, 'Quinto Semestre', '2026-08-01', '2027-01-15', 1),
(6, 'Sexto Semestre', '2027-02-01', '2027-08-15', 1);

-- --------------------------------------------------------

--
-- Estructura de tabla para la tabla `turnos`
--

CREATE TABLE `turnos` (
  `turno_id` int(11) NOT NULL,
  `nombre` varchar(20) NOT NULL,
  `hora_inicio` time NOT NULL,
  `hora_fin` time NOT NULL
) ENGINE=InnoDB DEFAULT CHARSET=utf8mb4 COLLATE=utf8mb4_general_ci;

--
-- Volcado de datos para la tabla `turnos`
--

INSERT INTO `turnos` (`turno_id`, `nombre`, `hora_inicio`, `hora_fin`) VALUES
(1, 'Matutino', '07:00:00', '14:00:00'),
(2, 'Vespertino', '15:00:00', '22:00:00');

--
-- Índices para tablas volcadas
--

--
-- Indices de la tabla `alumnos`
--
ALTER TABLE `alumnos`
  ADD PRIMARY KEY (`alumno_id`),
  ADD UNIQUE KEY `numero_de_boleta` (`numero_de_boleta`),
  ADD UNIQUE KEY `curp` (`curp`),
  ADD UNIQUE KEY `email` (`email`),
  ADD KEY `grupo_id` (`grupo_id`);

--
-- Indices de la tabla `calificaciones`
--
ALTER TABLE `calificaciones`
  ADD PRIMARY KEY (`calificacion_id`),
  ADD UNIQUE KEY `alumno_id` (`alumno_id`,`materia_id`,`semestre_id`),
  ADD KEY `materia_id` (`materia_id`),
  ADD KEY `semestre_id` (`semestre_id`);

--
-- Indices de la tabla `grupos`
--
ALTER TABLE `grupos`
  ADD PRIMARY KEY (`grupo_id`),
  ADD KEY `semestre_id` (`semestre_id`),
  ADD KEY `turno_id` (`turno_id`),
  ADD KEY `tutor_id` (`tutor_id`);

--
-- Indices de la tabla `grupo_materia`
--
ALTER TABLE `grupo_materia`
  ADD PRIMARY KEY (`grupo_materia_id`),
  ADD KEY `grupo_id` (`grupo_id`),
  ADD KEY `materia_id` (`materia_id`),
  ADD KEY `profesor_id` (`profesor_id`);

--
-- Indices de la tabla `materias`
--
ALTER TABLE `materias`
  ADD PRIMARY KEY (`materia_id`);

--
-- Indices de la tabla `profesores`
--
ALTER TABLE `profesores`
  ADD PRIMARY KEY (`profesor_id`),
  ADD UNIQUE KEY `email` (`email`);

--
-- Indices de la tabla `profesor_materia`
--
ALTER TABLE `profesor_materia`
  ADD PRIMARY KEY (`profesor_materia_id`),
  ADD UNIQUE KEY `profesor_id` (`profesor_id`,`materia_id`,`semestre_id`),
  ADD KEY `materia_id` (`materia_id`),
  ADD KEY `semestre_id` (`semestre_id`);

--
-- Indices de la tabla `semestres`
--
ALTER TABLE `semestres`
  ADD PRIMARY KEY (`semestre_id`);

--
-- Indices de la tabla `turnos`
--
ALTER TABLE `turnos`
  ADD PRIMARY KEY (`turno_id`);

--
-- AUTO_INCREMENT de las tablas volcadas
--

--
-- AUTO_INCREMENT de la tabla `alumnos`
--
ALTER TABLE `alumnos`
  MODIFY `alumno_id` int(11) NOT NULL AUTO_INCREMENT, AUTO_INCREMENT=42;

--
-- AUTO_INCREMENT de la tabla `calificaciones`
--
ALTER TABLE `calificaciones`
  MODIFY `calificacion_id` int(11) NOT NULL AUTO_INCREMENT, AUTO_INCREMENT=129;

--
-- AUTO_INCREMENT de la tabla `grupos`
--
ALTER TABLE `grupos`
  MODIFY `grupo_id` int(11) NOT NULL AUTO_INCREMENT, AUTO_INCREMENT=147;

--
-- AUTO_INCREMENT de la tabla `grupo_materia`
--
ALTER TABLE `grupo_materia`
  MODIFY `grupo_materia_id` int(11) NOT NULL AUTO_INCREMENT, AUTO_INCREMENT=2048;

--
-- AUTO_INCREMENT de la tabla `materias`
--
ALTER TABLE `materias`
  MODIFY `materia_id` int(11) NOT NULL AUTO_INCREMENT, AUTO_INCREMENT=609;

--
-- AUTO_INCREMENT de la tabla `profesores`
--
ALTER TABLE `profesores`
  MODIFY `profesor_id` int(11) NOT NULL AUTO_INCREMENT, AUTO_INCREMENT=8;

--
-- AUTO_INCREMENT de la tabla `profesor_materia`
--
ALTER TABLE `profesor_materia`
  MODIFY `profesor_materia_id` int(11) NOT NULL AUTO_INCREMENT, AUTO_INCREMENT=11;

--
-- AUTO_INCREMENT de la tabla `semestres`
--
ALTER TABLE `semestres`
  MODIFY `semestre_id` int(11) NOT NULL AUTO_INCREMENT, AUTO_INCREMENT=7;

--
-- AUTO_INCREMENT de la tabla `turnos`
--
ALTER TABLE `turnos`
  MODIFY `turno_id` int(11) NOT NULL AUTO_INCREMENT, AUTO_INCREMENT=3;

--
-- Restricciones para tablas volcadas
--

--
-- Filtros para la tabla `alumnos`
--
ALTER TABLE `alumnos`
  ADD CONSTRAINT `alumnos_ibfk_1` FOREIGN KEY (`grupo_id`) REFERENCES `grupos` (`grupo_id`);

--
-- Filtros para la tabla `calificaciones`
--
ALTER TABLE `calificaciones`
  ADD CONSTRAINT `calificaciones_ibfk_1` FOREIGN KEY (`alumno_id`) REFERENCES `alumnos` (`alumno_id`),
  ADD CONSTRAINT `calificaciones_ibfk_2` FOREIGN KEY (`materia_id`) REFERENCES `materias` (`materia_id`),
  ADD CONSTRAINT `calificaciones_ibfk_3` FOREIGN KEY (`semestre_id`) REFERENCES `semestres` (`semestre_id`);

--
-- Filtros para la tabla `grupos`
--
ALTER TABLE `grupos`
  ADD CONSTRAINT `grupos_ibfk_1` FOREIGN KEY (`semestre_id`) REFERENCES `semestres` (`semestre_id`),
  ADD CONSTRAINT `grupos_ibfk_2` FOREIGN KEY (`turno_id`) REFERENCES `turnos` (`turno_id`),
  ADD CONSTRAINT `grupos_ibfk_3` FOREIGN KEY (`tutor_id`) REFERENCES `profesores` (`profesor_id`);

--
-- Filtros para la tabla `grupo_materia`
--
ALTER TABLE `grupo_materia`
  ADD CONSTRAINT `grupo_materia_ibfk_1` FOREIGN KEY (`grupo_id`) REFERENCES `grupos` (`grupo_id`),
  ADD CONSTRAINT `grupo_materia_ibfk_2` FOREIGN KEY (`materia_id`) REFERENCES `materias` (`materia_id`),
  ADD CONSTRAINT `grupo_materia_ibfk_3` FOREIGN KEY (`profesor_id`) REFERENCES `profesores` (`profesor_id`);

--
-- Filtros para la tabla `profesor_materia`
--
ALTER TABLE `profesor_materia`
  ADD CONSTRAINT `profesor_materia_ibfk_1` FOREIGN KEY (`profesor_id`) REFERENCES `profesores` (`profesor_id`),
  ADD CONSTRAINT `profesor_materia_ibfk_2` FOREIGN KEY (`materia_id`) REFERENCES `materias` (`materia_id`),
  ADD CONSTRAINT `profesor_materia_ibfk_3` FOREIGN KEY (`semestre_id`) REFERENCES `semestres` (`semestre_id`);
COMMIT;

/*!40101 SET CHARACTER_SET_CLIENT=@OLD_CHARACTER_SET_CLIENT */;
/*!40101 SET CHARACTER_SET_RESULTS=@OLD_CHARACTER_SET_RESULTS */;
/*!40101 SET COLLATION_CONNECTION=@OLD_COLLATION_CONNECTION */;
